1;абстракція;аванс
1;абстракція;азарт
1;абстракція;аліменти
1;абстракція;ангел
1;абстракція;анонс
1;абстракція;апетит
1;абстракція;арешт
1;абстракція;атака
1;абстракція;багатство
1;абстракція;бадьорість
1;абстракція;байдужість
1;абстракція;балаканина
1;абстракція;балачка
1;абстракція;бар'єр
1;абстракція;батьківщина
1;абстракція;бачення
1;абстракція;березень
1;абстракція;бесіда
1;абстракція;битва
1;абстракція;биття
1;абстракція;біда
1;абстракція;бізнес
1;абстракція;бій
1;абстракція;бійка
1;абстракція;бік
1;абстракція;біль
1;абстракція;божевілля
1;абстракція;борг
1;абстракція;будень
1;абстракція;валюта
1;абстракція;варіант
1;абстракція;вдячність
1;абстракція;вересень
1;абстракція;весілля
1;абстракція;вечір
1;абстракція;вид
1;абстракція;випадок
1;абстракція;вихід
1;абстракція;вівторок
1;абстракція;відповідь
1;абстракція;відчуття
1;абстракція;війна
1;абстракція;вік
1;абстракція;вісім
1;абстракція;вітчизна
1;абстракція;влада
1;абстракція;воля
1;абстракція;вправа
1;абстракція;втома
1;абстракція;година
1;абстракція;голосування
1;абстракція;гра
1;абстракція;гривня
1;абстракція;гріх
1;абстракція;гроші
1;абстракція;грудень
1;абстракція;група
1;абстракція;дата
1;абстракція;двійка
1;абстракція;демократія
1;абстракція;день
1;абстракція;держава
1;абстракція;десятиліття
1;абстракція;десятка
1;абстракція;диво
1;абстракція;дитинство
1;абстракція;діалог
1;абстракція;дія
1;абстракція;довіра
1;абстракція;долар
1;абстракція;доля
1;абстракція;допомога
1;абстракція;досвід
1;абстракція;доставка
1;абстракція;дружба
1;абстракція;думка
1;абстракція;душа
1;абстракція;життя
1;абстракція;завдання
1;абстракція;загадка
1;абстракція;закон
1;абстракція;захист
1;абстракція;захід
1;абстракція;злочин
1;абстракція;знання
1;абстракція;значення
1;абстракція;ідея
1;абстракція;ім'я
1;абстракція;інформація
1;абстракція;іспит
1;абстракція;квітень
1;абстракція;мить
1;абстракція;місяць
1;абстракція;навчання
1;абстракція;нагорода
1;абстракція;народ
1;абстракція;настрій
1;абстракція;обіцянка
1;абстракція;обмін
1;абстракція;образа
1;абстракція;оцінка
1;абстракція;пам'ять
1;абстракція;паніка
1;абстракція;пауза
1;абстракція;перегляд
1;абстракція;переляк
1;абстракція;перемога
1;абстракція;письмо
1;абстракція;питання
1;абстракція;підпис
1;абстракція;підтримка
1;абстракція;план
1;абстракція;плач
1;абстракція;побачення
1;абстракція;погляд
1;абстракція;подія
1;абстракція;покарання
1;абстракція;політика
1;абстракція;полудень
1;абстракція;помилка
1;абстракція;понеділок
1;абстракція;поразка
1;абстракція;порада
1;абстракція;порядок
1;абстракція;послуга
1;абстракція;почуття
1;абстракція;радість
1;абстракція;ранок
1;абстракція;реклама
1;абстракція;різдво
1;абстракція;рік
1;абстракція;рішення
1;абстракція;робота
1;абстракція;розвага
1;абстракція;розмова
1;абстракція;розмір
1;абстракція;розум
1;абстракція;рух
1;абстракція;сварка
1;абстракція;свист
1;абстракція;світ
1;абстракція;світанок
1;абстракція;свобода
1;абстракція;свято
1;абстракція;секрет
1;абстракція;середа
1;абстракція;середина
1;абстракція;серія
1;абстракція;серпень
1;абстракція;сила
1;абстракція;символ
1;абстракція;система
1;абстракція;ситуація
1;абстракція;січень
1;абстракція;слава
1;абстракція;слово
1;абстракція;сміх
1;абстракція;сон
1;абстракція;спасибі
1;абстракція;спокій
1;абстракція;справа
1;абстракція;старт
1;абстракція;сто
1;абстракція;століття
1;абстракція;сторона
1;абстракція;страх
1;абстракція;субота
1;абстракція;сума
1;абстракція;таємниця
1;абстракція;талант
1;абстракція;тема
1;абстракція;терпіння
1;абстракція;тест
1;абстракція;тиждень
1;абстракція;тисяча
1;абстракція;травень
1;абстракція;три
1;абстракція;турбота
1;абстракція;уявлення
1;абстракція;удача
1;абстракція;успіх
1;абстракція;уява
1;абстракція;фарт
1;абстракція;фах
1;абстракція;форма
1;абстракція;хвала
1;абстракція;хвилина
1;абстракція;хобі
1;абстракція;цент
1;абстракція;центр
1;абстракція;ціна
1;абстракція;ціль
1;абстракція;час
1;абстракція;частина
1;абстракція;червень
1;абстракція;черга
1;абстракція;честь
1;абстракція;четвер
1;абстракція;четвірка
1;абстракція;чотири
1;абстракція;чудо
1;абстракція;чуття
1;абстракція;шанс
1;абстракція;шелест
1;абстракція;швидкість
1;абстракція;шляхта
1;абстракція;шматок
1;абстракція;штраф
1;абстракція;шум
1;абстракція;щастя
1;абстракція;щедрість
1;абстракція;ювілей
1;абстракція;якість
1;абстракція;ярість
2;абстракція;абсолют
2;абстракція;абстракція
2;абстракція;абсурд
2;абстракція;авантюра
2;абстракція;автограф
2;абстракція;агресія
2;абстракція;ажіотаж
2;абстракція;акт
2;абстракція;актив
2;абстракція;акцент
2;абстракція;акція
2;абстракція;альтернатива
2;абстракція;альянс
2;абстракція;амбіція
2;абстракція;амністія
2;абстракція;аналіз
2;абстракція;аналітика
2;абстракція;аналог
2;абстракція;аналогія
2;абстракція;анархізм
2;абстракція;анархія
2;абстракція;аномалія
2;абстракція;анотація
2;абстракція;антипатія
2;абстракція;антирейтинг
2;абстракція;антураж
2;абстракція;апатія
2;абстракція;апеляція
2;абстракція;апокаліпсис
2;абстракція;аргумент
2;абстракція;аристократія
2;абстракція;архангел
2;абстракція;асамблея
2;абстракція;асиметрія
2;абстракція;асортимент
2;абстракція;асоціація
2;абстракція;аспект
2;абстракція;атеїзм
2;абстракція;атрибут
2;абстракція;афера
2;абстракція;баланс
2;абстракція;банальність
2;абстракція;банкрутство
2;абстракція;бартер
2;абстракція;батьківство
2;абстракція;бешкет
2;абстракція;бідність
2;абстракція;більшість
2;абстракція;біржа
2;абстракція;благо
2;абстракція;благородство
2;абстракція;блаженство
2;абстракція;блокада
2;абстракція;бравада
2;абстракція;братерство
2;абстракція;брехня
2;абстракція;буддизм
2;абстракція;будова
2;абстракція;бум
2;абстракція;бунт
2;абстракція;бурмотіння
2;абстракція;буття
2;абстракція;буча
2;абстракція;бюджет
2;абстракція;бюрократія
2;абстракція;вагання
2;абстракція;вада
2;абстракція;важливість
2;абстракція;вайб
2;абстракція;вакансія
2;абстракція;варварство
2;абстракція;вартість
2;абстракція;ваучер
2;абстракція;вдача
2;абстракція;велич
2;абстракція;версія
2;абстракція;верхівка
2;абстракція;взаємодія
2;абстракція;визнання
2;абстракція;виконання
2;абстракція;використання
2;абстракція;викуп
2;абстракція;вирок
2;абстракція;виховання
2;абстракція;відбір
2;абстракція;відкат
2;абстракція;відмова
2;абстракція;відродження
2;абстракція;віза
2;абстракція;вірогідність
2;абстракція;вісімка
2;абстракція;вісімсот
2;абстракція;вісник
2;абстракція;вість
2;абстракція;вкраїна
2;абстракція;властивість
2;абстракція;внесок
2;абстракція;ворожба
2;абстракція;воскресіння
2;абстракція;вплата
2;абстракція;вплив
2;абстракція;враження
2;абстракція;гайп
2;абстракція;галузь
2;абстракція;ганьба
2;абстракція;гарантія
2;абстракція;гармидер
2;абстракція;гармонія
2;абстракція;героїзм
2;абстракція;гіпотеза
2;абстракція;гласність
2;абстракція;глум
2;абстракція;глюк
2;абстракція;гомофобія
2;абстракція;господарство
2;абстракція;грамота
2;абстракція;грамотність
2;абстракція;грань
2;абстракція;ґатунок
2;абстракція;ґвалт
2;абстракція;гендер
2;абстракція;ґречність
2;абстракція;дар
2;абстракція;дебати
2;абстракція;декларація
3;абстракція;демагогія
2;абстракція;дефект
2;абстракція;диктатура
2;абстракція;діапазон
2;абстракція;дійсність
2;абстракція;діяльність
2;абстракція;доба
2;абстракція;дозвіл
2;абстракція;доказ
2;абстракція;домогосподарство
2;абстракція;донат
2;абстракція;досада
2;абстракція;дотеп
2;абстракція;дотик
2;абстракція;дохід
2;абстракція;драйв
2;абстракція;дрібниця
2;абстракція;дурість
2;абстракція;евакуація
2;абстракція;екзамен
2;абстракція;еміграція
2;абстракція;енергія
2;абстракція;ефект
2;абстракція;єднання
2;абстракція;єдність
2;абстракція;з'єднання
2;абстракція;з'їзд
2;абстракція;забаганка
2;абстракція;забезпечення
2;абстракція;завдаток
2;абстракція;загибель
2;абстракція;задум
2;абстракція;зажура
2;абстракція;заколот
2;абстракція;засада
2;абстракція;засіб
2;абстракція;засідання
2;абстракція;затихання
2;абстракція;захват
2;абстракція;зачіпка
2;абстракція;зашквар
2;абстракція;заявка
2;абстракція;звірство
2;абстракція;звіт
2;абстракція;згуртованість
2;абстракція;здатність
2;абстракція;злагода
2;абстракція;залишок
2;абстракція;змова
2;абстракція;зневага
3;абстракція;зненависть
2;абстракція;зразок
2;абстракція;зростання
2;абстракція;імітація
2;абстракція;імперія
2;абстракція;імпорт
2;абстракція;інвестиція
2;абстракція;індекс
2;абстракція;інновація
2;абстракція;інтелект
2;абстракція;інтерес
2;абстракція;іпотека
2;абстракція;іронія
2;абстракція;існування
2;абстракція;істина
2;абстракція;кайф
2;абстракція;кампанія
2;абстракція;капітал
2;абстракція;капіталізм
2;абстракція;каприз
2;абстракція;караул
2;абстракція;каталог
2;абстракція;катастрофа
2;абстракція;категорія
2;абстракція;каяття
2;абстракція;кеш
2;абстракція;лабіринт
2;абстракція;лад
2;абстракція;легенда
2;абстракція;ліцензія
2;абстракція;лобі
2;абстракція;логістика
2;абстракція;лозунг
2;абстракція;лотерея
2;абстракція;лють
2;абстракція;маніпуляція
2;абстракція;маркетинг
2;абстракція;межа
2;абстракція;метафора
2;абстракція;міф
2;абстракція;міра
2;абстракція;місія
2;абстракція;мрія
2;абстракція;мова
2;абстракція;надія
2;абстракція;назва
2;абстракція;намір
2;абстракція;напад
2;абстракція;напрямок
2;абстракція;наснага
2;абстракція;нація
2;абстракція;об'єкт
2;абстракція;область
2;абстракція;облік
2;абстракція;обов'язок
2;абстракція;оборона
2;абстракція;огляд
2;абстракція;ознака
2;абстракція;опис
2;абстракція;опіка
2;абстракція;опір
2;абстракція;опозиція
2;абстракція;організація
2;абстракція;оренда
2;абстракція;оригінал
2;абстракція;основа
2;абстракція;очікування
2;абстракція;парламент
2;абстракція;партія
2;абстракція;пенсія
2;абстракція;перевага
2;абстракція;переговори
2;абстракція;переказ
2;абстракція;переклад
2;абстракція;перелік
2;абстракція;період
2;абстракція;пиха
2;абстракція;пишання
2;абстракція;підозрілість
2;абстракція;плітки
2;абстракція;побут
2;абстракція;повстання
2;абстракція;податок
2;абстракція;пожертва
2;абстракція;позика
2;абстракція;позиція
2;абстракція;покоління
2;абстракція;полон
2;абстракція;поняття
2;абстракція;попит
2;абстракція;порожнеча
2;абстракція;посада
2;абстракція;постанова
2;абстракція;поступ
2;абстракція;потреба
2;абстракція;похвала
2;абстракція;похіть
2;абстракція;поширення
2;абстракція;рада
2;абстракція;рай
2;абстракція;ранг
2;абстракція;рахунок
2;абстракція;реакція
2;абстракція;реальність
2;абстракція;режим
2;абстракція;резерв
2;абстракція;результат
2;абстракція;рейтинг
2;абстракція;релігія
2;абстракція;республіка
2;абстракція;ресурс
2;абстракція;реформа
2;абстракція;ривок
2;абстракція;ризик
2;абстракція;риса
2;абстракція;ритуал
2;абстракція;рівень
2;абстракція;різниця
2;абстракція;розвідка
2;абстракція;розділ
2;абстракція;розклад
2;абстракція;розкіш
2;абстракція;розпад
2;абстракція;розпач
2;абстракція;розплата
2;абстракція;розробка
2;абстракція;рухомість
2;абстракція;ряд
2;абстракція;рядок
2;абстракція;самотність
2;абстракція;санкція
2;абстракція;свавілля
2;абстракція;свідомість
2;абстракція;свіжість
2;абстракція;сеанс
2;абстракція;секта
2;абстракція;сектор
2;абстракція;секція
2;абстракція;семестр
2;абстракція;сенс
2;абстракція;сервіс
2;абстракція;сердитість
2;абстракція;середовище
2;абстракція;серцевина
2;абстракція;сесія
2;абстракція;симпатія
2;абстракція;сімсот
2;абстракція;скандал
2;абстракція;служба
2;абстракція;смак
2;абстракція;смерть
2;абстракція;смуга
2;абстракція;смуток
2;абстракція;совість
2;абстракція;сорт
2;абстракція;союз
2;абстракція;спадщина
2;абстракція;спілка
2;абстракція;спомини
2;абстракція;спосіб
2;абстракція;спостереження
2;абстракція;спрага
2;абстракція;стадія
2;абстракція;стан
2;абстракція;статус
2;абстракція;стиль
2;абстракція;стимул
2;абстракція;стипендія
2;абстракція;страйк
2;абстракція;страта
2;абстракція;стратегія
2;абстракція;страховка
2;абстракція;строк
2;абстракція;ступінь
2;абстракція;сумління
2;абстракція;сумнів
2;абстракція;суть
2;абстракція;сфера
2;абстракція;схема
2;абстракція;сюрприз
2;абстракція;табу
2;абстракція;такт
2;абстракція;тактика
2;абстракція;твердження
2;абстракція;теза
2;абстракція;темп
2;абстракція;територія
2;абстракція;термін
2;абстракція;терор
2;абстракція;тип
2;абстракція;тираж
2;абстракція;титул
2;абстракція;тло
2;абстракція;торг
2;абстракція;торгівля
2;абстракція;тост
2;абстракція;тренд
2;абстракція;трохи
2;абстракція;трюк
2;абстракція;тур
2;абстракція;тяга
2;абстракція;угода
2;абстракція;узгодження
2;абстракція;указ
2;абстракція;ультиматум
2;абстракція;умова
2;абстракція;університет
2;абстракція;упаковка
2;абстракція;упеpтість
2;абстракція;управління
2;абстракція;урок
3;абстракція;ухвала
2;абстракція;факт
2;абстракція;фальш
2;абстракція;фінал
2;абстракція;фінанси
2;абстракція;форум
2;абстракція;фраза
2;абстракція;фундамент
2;абстракція;функція
2;абстракція;характер
2;абстракція;харизма
2;абстракція;хабар
2;абстракція;хаос
2;абстракція;хист
2;абстракція;хиба
2;абстракція;хроніка
2;абстракція;царство
2;абстракція;цензура
2;абстракція;церемонія
2;абстракція;цивілізація
2;абстракція;цитата
2;абстракція;цінність
2;абстракція;цілунок
2;абстракція;цнота
2;абстракція;цькування
2;абстракція;частка
2;абстракція;чекання
2;абстракція;чин
2;абстракція;чутка
2;абстракція;шантаж
2;абстракція;шеренга
2;абстракція;щабель
2;абстракція;юнацтво
2;абстракція;явище
3;абстракція;анексія
3;абстракція;антагонізм
3;абстракція;антипод
3;абстракція;антитеза
3;абстракція;антихрист
3;абстракція;апогей
3;абстракція;апофеоз
3;абстракція;арбітраж
3;абстракція;артикул
3;абстракція;атлант
3;абстракція;аудієнція
3;абстракція;афект
3;абстракція;багрянець
3;абстракція;баптизм
3;абстракція;барва
3;абстракція;вексель
3;абстракція;вилучення
3;абстракція;відлучення
3;абстракція;воєводство
3;абстракція;гібридність
3;абстракція;дещиця
3;абстракція;ідеалізм
3;абстракція;ідентичність
3;абстракція;імпічмент
3;абстракція;іпостась
3;абстракція;йота
3;абстракція;казна
3;абстракція;казус
3;абстракція;канон
1;абстракція;каре
3;абстракція;картель
3;абстракція;касація
3;абстракція;каста
3;абстракція;катарсис
3;абстракція;каторга
3;абстракція;каузал
3;абстракція;лепта
3;абстракція;мандат
3;абстракція;плюралізм
3;абстракція;регламент
3;абстракція;резолюція
2;абстракція;рейд
3;абстракція;сакральність
3;абстракція;сегмент
3;абстракція;сентиментальність
3;абстракція;сепаратизм
3;абстракція;синхронізація
3;абстракція;соціалізм
3;абстракція;спас
3;абстракція;спекуляція
3;абстракція;сукупність
3;абстракція;талан
3;абстракція;тет-а-тет
3;абстракція;транзит
3;абстракція;транс
3;абстракція;транш
3;абстракція;траур
3;абстракція;фашизм
3;абстракція;феодалізм
3;абстракція;євроінтеграція

1;дім;акваріум
1;дім;буфет
1;дім;ваза
1;дім;ванна
1;дім;вікно
1;дім;вітальня
1;дім;ганок
1;дім;гардероб
1;дім;горище
1;дім;ґанок
1;дім;ґрати
1;дім;дах
1;дім;двері
1;дім;двір
1;дім;дзеркало
1;дім;диван
1;дім;домівка
1;дім;душ
1;дім;кабінет
1;дім;камін
1;дім;канапа
1;дім;каструля
1;дім;лампа
1;дім;ліфт
1;дім;люстра
1;дім;матрац
1;дім;паркан
1;дім;пательня
1;дім;підвал
1;дім;підлога
1;дім;піч
1;дім;плита
1;дім;поверх
1;дім;подвір'я
1;дім;подушка
1;дім;поличка
1;дім;поріг
1;дім;постіль
1;дім;посуд
1;дім;розетка
1;дім;стеля
1;дім;стіл
1;дім;стілець
1;дім;стіна
1;дім;сходи
1;дім;табурет
1;дім;чайник
1;дім;шафа
1;дім;шибка
1;дім;ширма
1;дім;штора
1;дім;шухляда

1;дім;абажур
1;дім;авторучка
1;дім;альбом
1;дім;анкета
1;дім;аптечка
1;дім;аркуш
1;дім;атлас
1;дім;багаж
1;дім;бак
1;дім;балон
1;дім;банка
1;дім;білет
1;дім;білизна
1;дім;блокнот
1;дім;бриль
1;дім;будильник
1;дім;будка
1;дім;буквар
1;дім;букет
1;дім;валіза
1;дім;вата
1;дім;ведмедик
1;дім;виделка
1;дім;відро
1;дім;віяло
1;дім;газета
1;дім;гаманець
1;дім;глобус
1;дім;годинник
1;дім;горщик
1;дім;дзвін
1;дім;диплом
1;дім;документ
1;дім;дошка
1;дім;зошит
1;дім;зубочистка
1;дім;іграшка
1;дім;казан
1;дім;канат
1;дім;карта
1;дім;картка
1;дім;квиток
1;дім;ланцюг
1;дім;лист
1;дім;лялька
1;дім;макіяж
1;дім;манікюр
1;дім;мапа
1;дім;марка
1;дім;маска
1;дім;мило
1;дім;миска
1;дім;намисто
1;дім;обкладинка
1;дім;окуляри
1;дім;олівець
1;дім;пакет
1;дім;паличка
1;дім;папір
1;дім;парасолька
1;дім;паспорт
1;дім;пачка
1;дім;пенал
1;дім;підручник
1;дім;пікнік
1;дім;пляма
1;дім;пляшка
1;дім;подарунок
1;дім;портфель
1;дім;посилка
1;дім;ручка
1;дім;рушник
1;дім;рюкзак
1;дім;свічка
1;дім;сейф
1;дім;сидіння
1;дім;сірник
1;дім;сітка
1;дім;склянка
1;дім;сковорода
1;дім;словник
1;дім;сміття
1;дім;сода
1;дім;спрей
1;дім;сторінка
1;дім;стрічка
1;дім;сумка
1;дім;тарілка
1;дім;телевізор
1;дім;телефон
1;дім;термометр
1;дім;термос
1;дім;товар
1;дім;торба
1;дім;труба
1;дім;туалет
1;дім;футляр
1;дім;цигарка
1;дім;цятка
1;дім;чаша
1;дім;чашка
1;дім;чек
1;дім;чемодан
1;дім;читанка
1;дім;чорнило
1;дім;шампунь
1;дім;шланг
1;дім;шнур
1;дім;шнурок
1;дім;шпалери
1;дім;шпилька
1;дім;щоденник
1;дім;ящик

2;дім;амфора
2;дім;антресоль
2;дім;апартаменти
2;дім;буржуйка
2;дім;вазон
2;дім;вафельниця
2;дім;вілла
2;дім;гарнітура
2;дім;груба
2;дім;інтер'єр
2;дім;кватирка
2;дім;келих
2;дім;ламінат
2;дім;лоджія
2;дім;маєток
2;дім;навіс
2;дім;опалення
2;дім;оселя
2;дім;паркет
2;дім;перина
2;дім;піднос
2;дім;підсвічник
2;дім;погріб
2;дім;покрівля
2;дім;рама
2;дім;скатертина
2;дім;скриня
2;дім;стріха
2;дім;сушарка
2;дім;трон
2;дім;тюль
2;дім;шезлонг

2;дім;аерозоль
2;дім;амулет
2;дім;ацетон
2;дім;балія
2;дім;бандероль
2;дім;баняк
2;дім;барахло
2;дім;бархат
2;дім;бачок
2;дім;бейдж
2;дім;бирка
2;дім;бісер
2;дім;бланк
2;дім;бочка
2;дім;брезент
2;дім;брелок
2;дім;булава
2;дім;бумеранг
2;дім;бутель
2;дім;бюлетень
2;дім;в'язання
2;дім;ватман
2;дім;візитниця
2;дім;гель
2;дім;гіпсокартон
2;дім;глек
2;дім;горня
2;дім;ґніт
2;дім;дзиґа
2;дім;заслона
2;дім;зубець
2;дім;йогуртниця
2;дім;кайдани
2;дім;калаталка
2;дім;калька
2;дім;квитанція
2;дім;лазня
2;дім;лахміття
2;дім;макітра
2;дім;матузок
2;дім;набір
2;дім;оксамит
2;дім;оправа
2;дім;опудало
2;дім;орден
2;дім;перука
2;дім;плівка
2;дім;посвідчення
2;дім;ребус
2;дім;резина
2;дім;ремонт
2;дім;решітка
2;дім;рогатка
2;дім;рулон
2;дім;рум'яна
2;дім;чарка
2;дім;салют
2;дім;самовар
2;дім;сервіз
2;дім;сировина
2;дім;сідло
2;дім;скарб
2;дім;список
2;дім;спінер
2;дім;стелаж
2;дім;стрижень
2;дім;сувенір
2;дім;сушка
2;дім;талісман
2;дім;талон
2;дім;тара
2;дім;таця
2;дім;тека
2;дім;телеграма
2;дім;терези
2;дім;том
2;дім;тризуб
2;дім;трофей
2;дім;труна
2;дім;туш
2;дім;целофан
2;дім;ціпок
2;дім;шайба
2;дім;шампур
2;дім;шкатулка
2;дім;шпаргалка
2;дім;шпулька
2;дім;штамп
2;дім;щітка
2;дім;ярмо
2;дім;ясла

3;дім;балдахін
3;дім;будуар
3;дім;вівтар
3;дім;канделябр
3;дім;мансарда
3;дім;ринва
3;дім;рундук
3;дім;трюмо

3;дім;абаван
3;дім;баддя
3;дім;батист
3;дім;вакса
3;дім;васаг
3;дім;вервечка
3;дім;верета
3;дім;гранчак
3;дім;гусятниця
3;дім;дзиґар
3;дім;засіка
3;дім;каганець
3;дім;кадило
3;дім;камлот
3;дім;квач
3;дім;муляр
3;дім;пергамент
3;дім;пищик
3;дім;рогожа
3;дім;саркофаг
3;дім;сатин
3;дім;саше
3;дім;синель
3;дім;ситець
3;дім;сукно
2;дім;унітаз

1;інструменти;брус
1;інструменти;вила
1;інструменти;граблі
1;інструменти;ґвинт
1;інструменти;зброя
1;інструменти;лезо
1;інструменти;лом
1;інструменти;лопата
1;інструменти;меч
1;інструменти;пістолет
1;інструменти;сокира
1;інструменти;стріла
1;інструменти;цвях
1;інструменти;циркуль
1;інструменти;швабра
1;інструменти;шило
1;інструменти;шпагат
1;інструменти;шуруп
2;інструменти;арбалет
2;інструменти;багнет
2;інструменти;батіг
2;інструменти;бур
2;інструменти;важіль
2;інструменти;вантуз
2;інструменти;валик
2;інструменти;верстак
2;інструменти;верстат
2;інструменти;вогнегасник
2;інструменти;гак
2;інструменти;держак
2;інструменти;дрючок
2;інструменти;дуга
2;інструменти;дуло
2;інструменти;лещата
2;інструменти;лупа
2;інструменти;пастка
2;інструменти;патрон
2;інструменти;підкова
2;інструменти;плуг
2;інструменти;постріл
2;інструменти;револьвер
2;інструменти;рушниця
2;інструменти;сапа
2;інструменти;свердло
2;інструменти;серп
2;інструменти;сито
2;інструменти;снаряд
2;інструменти;спис
2;інструменти;станок
2;інструменти;трафарет
2;інструменти;фреза
2;інструменти;ціп
2;інструменти;шпага
3;інструменти;ятаган
3;інструменти;абразив
3;інструменти;анкер
3;інструменти;багор
3;інструменти;бердиш
3;інструменти;ватерпас
3;інструменти;ватметр
3;інструменти;веретено
3;інструменти;вітровказ
3;інструменти;гальванометр
3;інструменти;жезл
3;інструменти;заступ
3;інструменти;кайло
3;інструменти;кастет
3;інструменти;катана
3;інструменти;леміш
3;інструменти;скальпель
3;інструменти;тенета

1;їжа;абрикос
1;їжа;авокадо
1;їжа;аґрус
1;їжа;айва
1;їжа;ананас
1;їжа;апельсин
1;їжа;арахіс
1;їжа;баклажан
1;їжа;банан
1;їжа;батон
1;їжа;бекон
1;їжа;біляш
1;їжа;борщ
1;їжа;бублик
1;їжа;булка
1;їжа;бульба
1;їжа;бульйон
1;їжа;буряк
1;їжа;бутерброд
1;їжа;буханець
1;їжа;ваніль
1;їжа;вареник
1;їжа;варення
1;їжа;вафля
1;їжа;вечеря
1;їжа;виноград
1;їжа;вишня
1;їжа;вівсянка
1;їжа;гарбуз
1;їжа;горіх
1;їжа;гриб
1;їжа;груша
1;їжа;диня
1;їжа;їжа
1;їжа;йогурт
1;їжа;кабачок
1;їжа;кавун
1;їжа;канапка
1;їжа;карамель
1;їжа;картопля
1;їжа;кекс
1;їжа;кетчуп
1;їжа;лаваш
1;їжа;лапша
1;їжа;ласощі
1;їжа;лимон
1;їжа;локшина
1;їжа;мандарин
1;їжа;мармелад
1;їжа;масло
1;їжа;морозиво
1;їжа;борошно
1;їжа;обід
1;їжа;овоч
1;їжа;огірок
1;їжа;олія
1;їжа;омлет
1;їжа;паста
1;їжа;паштет
1;їжа;перець
1;їжа;персик
1;їжа;печиво
1;їжа;пиріг
1;їжа;пиріжок
1;їжа;піца
1;їжа;пластівці
1;їжа;полуниця
1;їжа;помідор
1;їжа;редис
1;їжа;редиска
1;їжа;редька
1;їжа;рецепт
1;їжа;салат
1;їжа;сало
1;їжа;сир
1;їжа;сіль
1;їжа;слива
1;їжа;сметана
1;їжа;сніданок
1;їжа;соус
1;їжа;страва
1;їжа;суші
1;їжа;тістечко
1;їжа;тісто
1;їжа;торт
1;їжа;фрукт
1;їжа;хліб
1;їжа;цибуля
1;їжа;цитрус
1;їжа;цукерка
1;їжа;цукор
1;їжа;черешня
1;їжа;чорнослив
1;їжа;шинка
1;їжа;шоколад
1;їжа;шпинат
1;їжа;юшка
1;їжа;яблуко
1;їжа;ягода
1;їжа;яйце

2;їжа;частування
2;їжа;халва
2;їжа;алича
2;їжа;антрекот
2;їжа;анчоус
2;їжа;артишок
2;їжа;багет
2;їжа;базилік
3;їжа;бакалія
3;їжа;баланда
2;їжа;балик
2;їжа;бараболя
2;їжа;баранина
2;їжа;безе
2;їжа;бісквіт
2;їжа;біфштекс
3;їжа;ботвина
2;їжа;брикет
2;їжа;бриндза
2;їжа;буженина
2;їжа;ванілін
2;їжа;ватрушка
2;їжа;галушка
2;їжа;гастрономія
2;їжа;голубець
2;їжа;городина
2;їжа;гуляш
2;їжа;дріжджі
2;їжа;засмажка
2;їжа;індичина
2;їжа;інжир
2;їжа;калач
2;їжа;ланч
2;їжа;маргарин
2;їжа;морква
2;їжа;окраєць
2;їжа;олива
2;їжа;оселедець
2;їжа;пастила
2;їжа;пастернак
2;їжа;пепероні
2;їжа;пляцок
2;їжа;порція
2;їжа;ріпа
2;їжа;родзинка
2;їжа;розсіл
2;їжа;селера
2;їжа;сироп
2;їжа;скибка
2;їжа;смалець
2;їжа;сочевиця
2;їжа;спаржа
2;їжа;спеція
2;їжа;узвар
2;їжа;холодець
2;їжа;цедра
2;їжа;шкварка
2;їжа;шпроти
3;їжа;агар-агар
3;їжа;калита
3;їжа;кваша
3;їжа;патока
3;їжа;суфле
3;їжа;трюфель

1;людина;таз
1;людина;араб
1;людина;атлет
1;людина;баба
1;людина;багач
1;людина;багачка
1;людина;базіка
1;людина;банда
1;людина;бандит
1;людина;бандитка
1;людина;батьки
1;людина;батько
1;людина;блазень
1;людина;близнюк
1;людина;близнюки
1;людина;боягуз
1;людина;боягузка
1;людина;брат
1;людина;бригада
1;людина;вдих
1;людина;видих
1;людина;вегетаріанець
1;людина;вегетаріанка
1;людина;велетень
1;людина;ветеран
1;людина;випускник
1;людина;випускниця
1;людина;власник
1;людина;власниця
1;людина;внук
1;людина;волосся
1;людина;вона
1;людина;він
1;людина;ворог
1;людина;вухо
1;людина;герой
1;людина;героїня
1;людина;голова
1;людина;голос
1;людина;городянин
1;людина;господар
1;людина;гравець
1;людина;гравчиня
1;людина;грек
1;людина;громада
1;людина;громадянин
1;людина;громадянка
1;людина;губа
1;людина;гурт
1;людина;дитина
1;людина;дівчина
1;людина;дід
1;людина;долоня
1;людина;дочка
1;людина;друг
1;людина;дружина
1;людина;дурень
1;людина;живіт
1;людина;жінка
1;людина;зір
1;людина;зуб
1;людина;керівник
1;людина;лижник
1;людина;листоноша
1;людина;лоб
1;людина;мати
1;людина;музикант
1;людина;населення
1;людина;око
1;людина;онук
1;людина;особа
1;людина;палець
1;людина;пасажир
1;людина;пацієнт
1;людина;пішохід
1;людина;плече
1;людина;подруга
1;людина;покупець
1;людина;помічник
1;людина;посмішка
1;людина;поцілунок
1;людина;родина
1;людина;рот
1;людина;рука
1;людина;серце
1;людина;сестра
1;людина;син
1;людина;сім'я
1;людина;спина
1;людина;стрілець
1;людина;студент
1;людина;тіло
1;людина;тітка
1;людина;товариш
1;людина;учень
1;людина;учениця
1;людина;учитель
1;людина;учителька
1;людина;учасник
1;людина;учасниця
1;людина;фашист
1;людина;хлопець
1;людина;циган
1;людина;череп
1;людина;чоло
1;людина;чоловік
1;людина;чуб
1;людина;чувак
1;людина;шия
1;людина;шкіра
1;людина;щелепа
1;людина;щока
1;людина;юрба
1;людина;язик
1;людина;японець
1;людина;ясна
1;людина;азіат
1;людина;азіатка
2;людина;азербайджанець
2;людина;азербайджанка
2;людина;австралієць
2;людина;австралійка
2;людина;австрієць
2;людина;австрійка
2;людина;абітурієнт
2;людина;абітурієнтка
2;людина;абонент
2;людина;абориген
2;людина;авантюрист
2;людина;авантюристка
2;людина;автор
2;людина;авторка
2;людина;агресор
2;людина;адресат
2;людина;академік
2;людина;активіст
2;людина;активістка
2;людина;алкоголік
2;людина;альтруїст
2;людина;альтруїстка
2;людина;аматор
2;людина;аматорка
2;людина;анархіст
2;людина;анонім
2;людина;антифашист
2;людина;апостол
2;людина;аристократ
2;людина;аристократка
3;людина;арлекін
2;людина;армієць
3;людина;аскет
2;людина;аспірант
2;людина;астматик
2;людина;атеїст
2;людина;атеїстка
2;людина;аутсайдер
2;людина;аферист
2;людина;аферистка
2;людина;багатир
2;людина;багатирка
2;людина;багатій
2;людина;багатійка
2;людина;бакалавр
2;людина;балакун
2;людина;баламут
2;людина;банкрут
2;людина;барахольник
2;людина;баришня
2;людина;барон
2;людина;батальйон
3;людина;бедуїн
2;людина;біженець
2;людина;білявка
2;людина;біцепс
2;людина;благодійник
2;людина;блондин
2;людина;борець
2;людина;боярин
2;людина;брехун
2;людина;бродяга
2;людина;брюнет
2;людина;брюнетка
2;людина;буддист
2;людина;бунтар
2;людина;буржуа
2;людина;бурлака
2;людина;бурсак
2;людина;вавилонець
2;людина;вавилонянка
2;людина;валлони
2;людина;вінничанин
2;людина;житомирянин
2;людина;івано-франківець
2;людина;в'єтнамець
2;людина;в'язень
2;людина;валлійці
2;людина;вандал
2;людина;варвар
2;людина;васал
2;людина;ватага
2;людина;ватажок
2;людина;вдівець
2;людина;вдова
2;людина;виробник
2;людина;вихованець
2;людина;відвідувач
2;людина;візочник
2;людина;вірменин
2;людина;вонинянин
2;людина;всевишній
2;людина;вуйко
2;людина;гангстер
2;людина;геймер
2;людина;глава
2;людина;годувальник
2;людина;гомосексуал
2;людина;ґазда
2;людина;ґаздиня
2;людина;двійник
2;людина;двійня
2;людина;дворянин
2;людина;делегат
2;людина;дивак
2;людина;диктатор
2;людина;дилетант
2;людина;дистриб'ютор
2;людина;діяч
2;людина;дошкільник
2;людина;дурепа
2;людина;емігрант
2;людина;засновник
2;людина;знавець
2;людина;зріст
2;людина;імператор
2;людина;інтелігенція
2;людина;йолоп
2;людина;кавалер
2;людина;кадет
2;людина;кадик
2;людина;каліка
2;людина;кандидат
2;людина;карлик
1;людина;кат
2;людина;лауреат
2;людина;лихвар
2;людина;локон
1;людина;м'яз
2;людина;магістр
2;людина;медик
2;людина;мисливець
2;людина;монах
2;людина;обличчя
2;людина;олігарх
2;людина;орган
2;людина;партизан
2;людина;партнер
2;людина;парубок
2;людина;патруль
2;людина;персона
2;людина;печінка
1;людина;піт
2;людина;повія
2;людина;поляк
2;людина;нащадок
2;людина;рибалка
2;людина;розбійник
2;людина;рота
2;людина;самурай
2;людина;свідок
2;людина;сволота
1;людина;секс
2;людина;селянин
2;людина;сирота
2;людина;скелет
2;людина;скроня
2;людина;слина
2;людина;слуга
2;людина;слух
2;людина;спільник
2;людина;спільнота
2;людина;стать
2;людина;сухожилля
2;людина;талія
2;людина;тату
2;людина;татуювання
2;людина;творець
2;людина;терорист
2;людина;тиран
2;людина;товариство
2;людина;торговець
2;людина;труп
2;людина;тулуб
2;людина;убивця
2;людина;фанатик
2;людина;філолог
2;людина;філософ
2;людина;француз
2;людина;хан
2;людина;хижак
2;людина;християнин
2;людина;цариця
2;людина;чаклун
2;людина;чарівник
2;людина;черево
2;людина;чернець
2;людина;шаман
2;людина;юнак
2;людина;ябеда
2;людина;язичник
2;людина;єврей
3;людина;агностик
2;людина;адепт
3;людина;байстрюк
3;людина;батрак
3;людина;бусурман
3;людина;вакханка
3;людина;везір
3;людина;вилупок
3;людина;візаві
3;людина;владоможець
3;людина;волхв
3;людина;гейтер
3;людина;десниця
3;людина;джура
3;людина;дівер
3;людина;дурило
3;людина;зазіхач
3;людина;захоплювач
3;людина;зовиця
3;людина;індивід
3;людина;їдець
3;людина;казуїст
3;людина;кардинал
3;людина;кацап
3;людина;легінь
3;людина;поплічник
1;людина;раб
3;людина;раба
3;людина;резидент
3;людина;сеньйорита
3;людина;скінхед
3;людина;сноб
3;людина;сновида
3;людина;старець
3;людина;телепат
3;людина;темперамент
3;людина;толока
3;людина;аеронавт
3;людина;екстремал
1;людина;зек
3;людина;зооактивіст
2;людина;щетина

1;медицина;ангіна
1;медицина;антибіотики
1;медицина;антисептик
1;медицина;аспірин
1;медицина;бинт
1;медицина;бриття
1;медицина;вагітність
1;медицина;вакцина
1;медицина;гуля
1;медицина;ґуля
1;медицина;захворювання
1;медицина;здоров'я
1;медицина;карантин
1;медицина;опік
1;медицина;отрута
1;медицина;синяк
1;медицина;травма
1;медицина;хвороба
1;медицина;шприц
1;медицина;шрам
1;медицина;яд
2;медицина;аборт
2;медицина;агонія
2;медицина;адреналін
2;медицина;ампула
2;медицина;ампулка
2;медицина;анемія
2;медицина;анестезія
2;медицина;апендикс
2;медицина;апендицит
2;медицина;аритмія
2;медицина;артерія
2;медицина;артрит
2;медицина;астма
2;медицина;бальзам
2;медицина;бронхи
2;медицина;бронхіт
2;медицина;вагіна
2;медицина;вазелін
2;медицина;валеріянка
2;медицина;імунітет
2;медицина;капсула
2;медицина;карієс
2;медицина;операція
2;медицина;пігулка
2;медицина;поранення
2;медицина;рентген
2;медицина;симптом
2;медицина;синдром
2;медицина;судома
2;медицина;тампон
2;медицина;туберкульоз
2;медицина;хірургія
2;медицина;щеплення

3;медицина;абазія
3;медицина;абстиненція
3;медицина;абсцес
3;медицина;ампутація
3;медицина;аорта
3;медицина;асептика
3;медицина;астенія
3;медицина;астигматизм
3;медицина;атропін
3;медицина;атрофія
3;медицина;афазія
3;медицина;бандаж
3;медицина;лейкома
3;медицина;біопсія
3;медицина;гангрена
3;медицина;головотримач
3;медицина;ендоскоп
3;медицина;зоб
3;медицина;інвазія
3;медицина;кастрація
3;медицина;лазарет
2;медицина;овуляція
2;медицина;рефлекс
3;медицина;сеча
1;медицина;сперма
2;медицина;ступор
3;медицина;тонзиліт

1;мистецтво;акордеон
1;мистецтво;анекдот
1;мистецтво;аплікація
1;мистецтво;аплодисменти
1;мистецтво;байка
1;мистецтво;балет
1;мистецтво;барабан
1;мистецтво;вальс
1;мистецтво;виставка
1;мистецтво;відеокліп
1;мистецтво;відеоролик
1;мистецтво;візерунок
1;мистецтво;вірш
1;мистецтво;гітара
1;мистецтво;гопак
1;мистецтво;гумор
1;мистецтво;журнал
1;мистецтво;казка
1;мистецтво;картина
1;мистецтво;музей
1;мистецтво;мультфільм
1;мистецтво;оркестр
1;мистецтво;пензлик
1;мистецтво;пісня
1;мистецтво;портрет
1;мистецтво;скрипка
1;мистецтво;спектакль
1;мистецтво;танці
1;мистецтво;твір
1;мистецтво;текст
1;мистецтво;фантазія
1;мистецтво;фестиваль
1;мистецтво;фокус
1;мистецтво;фольклор
1;мистецтво;фортепіано
1;мистецтво;шедевр
3;мистецтво;авангард
2;мистецтво;акварель
2;мистецтво;акомпанемент
2;мистецтво;акорд
2;мистецтво;анімація
1;мистецтво;аніме
2;мистецтво;ансамбль
3;мистецтво;антологія
2;мистецтво;антракт
2;мистецтво;аншлаг
3;мистецтво;аранжування
2;мистецтво;арія
2;мистецтво;арфа
2;мистецтво;архітектура
2;мистецтво;афоризм
2;мистецтво;балаган
2;мистецтво;балада
2;мистецтво;балалайка
2;мистецтво;бандура
2;мистецтво;бароко
2;мистецтво;бас
2;мистецтво;брошура
2;мистецтво;бубон
2;мистецтво;бюст
2;мистецтво;гама
2;мистецтво;гончарство
2;мистецтво;горн
2;мистецтво;горор
2;мистецтво;графіті
2;мистецтво;декор
2;мистецтво;дизайн
2;мистецтво;драма
2;мистецтво;дудка
2;мистецтво;етюд
2;мистецтво;зав'язка
2;мистецтво;заголовок
2;мистецтво;зміст
2;мистецтво;ікона
2;мистецтво;інтерв'ю
2;мистецтво;кадр
2;мистецтво;кераміка
2;мистецтво;макет
2;мистецтво;марш
2;мистецтво;маскарад
2;мистецтво;мистецтво
2;мистецтво;музика
2;мистецтво;образ
2;мистецтво;окраса
2;мистецтво;опера
2;мистецтво;орган
2;мистецтво;орнамент
2;мистецтво;передмова
2;мистецтво;писанка
2;мистецтво;плакат
2;мистецтво;повість
2;мистецтво;поезія
2;мистецтво;показ
2;мистецтво;полотно
2;мистецтво;попелюшка
2;мистецтво;репортаж
2;мистецтво;ритм
2;мистецтво;рима
1;мистецтво;рок
2;мистецтво;роль
2;мистецтво;світлина
2;мистецтво;силует
2;мистецтво;симфонія
2;мистецтво;сопілка
2;мистецтво;статуя
2;мистецтво;струна
2;мистецтво;субтитри
2;мистецтво;сценарій
2;мистецтво;сюжет
2;мистецтво;танок
3;мистецтво;фагот
2;мистецтво;фільм
2;мистецтво;флейта
2;мистецтво;фотографія
2;мистецтво;фреска
2;мистецтво;цимбали
3;мистецтво;цитра
2;мистецтво;чари
2;мистецтво;шансон
2;мистецтво;шоу
2;мистецтво;щедрівка
3;мистецтво;тенор
3;мистецтво;арабеска
3;мистецтво;банджо
3;мистецтво;барельєф
3;мистецтво;баритон
3;мистецтво;бемоль
3;мистецтво;бутафорія
3;мистецтво;буфонада
3;мистецтво;валторна
3;мистецтво;дримба
3;мистецтво;віршопис
3;мистецтво;гавот
3;мистецтво;гобелен
3;мистецтво;гравюра
3;мистецтво;гротеск
3;мистецтво;зліпок
3;мистецтво;ікебана
3;мистецтво;іконографія
3;мистецтво;іконостас
3;мистецтво;імпресіонізм
3;мистецтво;кабукі
3;мистецтво;каденція
3;мистецтво;кадриль
3;мистецтво;какофонія
3;мистецтво;каламбур
3;мистецтво;канва
3;мистецтво;кастаньєти
3;мистецтво;ренесанс
3;мистецтво;репертуар
3;мистецтво;румба
3;мистецтво;сатира
3;мистецтво;скетч
3;мистецтво;титри
3;мистецтво;тональність
3;мистецтво;трилогія
3;мистецтво;тріо
3;мистецтво;тромбон
3;мистецтво;туба
3;мистецтво;фабула

1;місто;автовокзал
1;місто;аеропорт
2;місто;амфітеатр
1;місто;аптека
1;місто;арена
1;місто;арка
1;місто;архів
1;місто;асфальт
1;місто;атракціон
1;місто;афіша
1;місто;база
1;місто;базар
1;місто;бал
1;місто;балкон
1;місто;банк
1;місто;баня
1;місто;бар
1;місто;басейн
1;місто;бібліотека
1;місто;брама
1;місто;бруківка
1;місто;будинок
1;місто;будівля
1;місто;в'язниця
1;місто;вежа
1;місто;вулиця
1;місто;гараж
1;місто;город
1;місто;готель
1;місто;гребля
1;місто;дитсадок
1;місто;доріжка
1;місто;дорога
1;місто;житло
1;місто;завод
1;місто;затор
1;місто;їдальня
1;місто;кав'ярня
1;місто;канал
1;місто;каса
1;місто;лікарня
1;місто;ліхтар
1;місто;магазин
1;місто;маршрут
1;місто;маяк
1;місто;метро
2;місто;мечеть
1;місто;митниця
1;місто;міст
1;місто;місто
1;місто;намет
1;місто;офіс
1;місто;палац
1;місто;парк
1;місто;площа
1;місто;поліція
1;місто;порт
1;місто;пошта
1;місто;ресторан
1;місто;ринок
1;місто;сад
1;місто;світлофор
1;місто;село
1;місто;стадіон
1;місто;станція
1;місто;столиця
1;місто;суд
1;місто;сцена
1;місто;театр
1;місто;тротуар
1;місто;тюрма
1;місто;ферма
1;місто;фонтан
1;місто;фортеця
1;місто;хата
1;місто;хвіртка
1;місто;хлів
1;місто;хмарочос
1;місто;храм
1;місто;цирк
1;місто;шахта
1;місто;шлагбаум
1;місто;шлях
1;місто;шосе
1;місто;шпиль
1;місто;ярмарок
2;місто;адреса
2;місто;алея
2;місто;акведук
2;місто;альтанка
2;місто;ангар
2;місто;аркада
2;місто;арматура
2;місто;арсенал
2;місто;ательє
2;місто;аудиторія
2;місто;аукціон
2;місто;банер
2;місто;банкет
2;місто;барак
2;місто;барикада
2;місто;бензоколонка
2;місто;бліндаж
2;місто;бомбосховище
2;місто;бронза
2;місто;буда
2;місто;бульвар
2;місто;бункер
2;місто;бурса
2;місто;бухгалтерія
2;місто;бюро
2;місто;варта
2;місто;вишка
2;місто;відділок
2;місто;віп-зона
2;місто;водоканал
3;місто;глемпінг
2;місто;глибинка
2;місто;гробниця
2;місто;деканат
2;місто;дзвіниця
2;місто;ділянка
2;місто;друкарня
2;місто;елеватор
2;місто;застава
3;місто;звіринець
2;місто;кабаре
2;місто;казарма
2;місто;канава
2;місто;каналізація
2;місто;каплиця
2;місто;кемпінг
2;місто;локація
1;місто;люк
2;місто;майдан
2;місто;околиця
2;місто;парад
2;місто;пекарня
2;місто;підприємство
2;місто;поселення
2;місто;поховання
2;місто;район
2;місто;ратуша
2;місто;регіон
2;місто;садиба
2;місто;салон
2;місто;санаторій
2;місто;сарай
2;місто;сауна
2;місто;селище
2;місто;синагога
2;місто;січ
2;місто;ковзанка
2;місто;собор
2;місто;споруда
2;місто;стайня
2;місто;стаціонар
2;місто;стовп
2;місто;студія
2;місто;табло
2;місто;тин
2;місто;траса
2;місто;трибуна
2;місто;тунель
2;місто;турбаза
2;місто;фабрика
2;місто;флот
2;місто;хостел
2;місто;хутір
1;місто;церква
2;місто;цех
2;місто;цоколь
2;місто;шатро
2;місто;шибениця
1;місто;школа
2;місто;штаб
3;місто;аванпост
3;місто;базиліка
3;місто;балюстрада
3;місто;бастіон
3;місто;бордюр
3;місто;вимощення
3;місто;віадук
3;місто;водовідведення
3;місто;гарман
3;місто;катакомба
3;місто;кафедра
3;місто;пасаж
3;місто;периферія
3;місто;плац
3;місто;рейка
3;місто;семафор
3;місто;сільрада
3;місто;скарбниця
3;місто;солярій
3;місто;тамбур
3;місто;юрта
3;місто;європарламент

3;напої;абрикосівка
3;напої;абрикотин
1;напої;алкоголь
1;напої;вино
1;напої;горілка
1;напої;кава
1;напої;какао
1;напої;кефір
1;напої;лимонад
1;напої;напій
1;напої;пиво
1;напої;сік
1;напої;чай
1;напої;шампанське
2;напої;абсент
2;напої;брага
2;напої;бурбон
2;напої;каберне
2;напої;кагор
2;напої;пиття
2;напої;самогон
2;напої;спирт
3;напої;арак
3;напої;варенуха
3;напої;вишняк
3;напої;к'янті

1;наука;абетка
1;наука;абзац
1;наука;абеткування
1;наука;алгебра
1;наука;апостроф
1;наука;арифметика
1;наука;бактерія
1;наука;ботаніка
1;наука;брак
1;наука;буква
1;наука;вага
1;наука;висота
1;наука;географія
1;наука;геометрія
1;наука;грам
1;наука;дієслово
1;наука;ера
1;наука;історія
1;наука;квадрат
1;наука;математика
1;наука;медицина
1;наука;наука
1;наука;освіта
1;наука;половина
1;наука;речення
1;наука;тире
1;наука;трикутник
1;наука;укол
1;наука;фізика
1;наука;хімія
1;наука;хлор
1;наука;цикл
1;наука;циліндр
1;наука;цифра
1;наука;число
1;наука;шрифт
1;наука;ядро
1;наука;ярус
2;наука;абревіатура
2;наука;азот
2;наука;академія
2;наука;алгоритм
2;наука;аміак
2;наука;анатомія
2;наука;антонім
2;наука;антропологія
2;наука;артефакт
2;наука;артикль
2;наука;археологія
2;наука;аспірантура
2;наука;астрологія
2;наука;астронавтика
2;наука;астрономія
2;наука;атом
2;наука;багатокутник
2;наука;бацила
2;наука;білок
2;наука;біологія
2;наука;бортмеханік
2;наука;бром
2;наука;вакуум
2;наука;величина
2;наука;визначення
2;наука;вимір
2;наука;вимова
2;наука;вислів
2;наука;висловлювання
2;наука;відміна
2;наука;відмінок
2;наука;відрізок
2;наука;відстань
2;наука;водень
2;наука;гектар
2;наука;гелій
2;наука;ген
2;наука;геологія
2;наука;гіпербола
2;наука;глюкоза
2;наука;граматика
2;наука;густина
2;наука;діалект
2;наука;добуток
2;наука;дослід
2;наука;дослідження
2;наука;дюйм
2;наука;елемент
2;наука;епоха
2;наука;етимологія
2;наука;займенник
2;наука;іменник
2;наука;інформатика
2;наука;калібр
2;наука;калорія
2;наука;кальцій
2;наука;лабораторія
2;наука;лекція
2;наука;логіка
2;наука;марганець
2;наука;маятник
2;наука;метод
2;наука;морфологія
2;наука;натрій
2;наука;об'єм
2;наука;обсяг
2;наука;окружність
2;наука;орбіта
2;наука;організм
2;наука;писемність
2;наука;поверхня
2;наука;популяція
2;наука;послідовність
2;наука;радіус
2;наука;реферат
2;наука;речовина
2;наука;рідина
2;наука;розчин
2;наука;ромб
2;наука;ртуть
2;наука;свинець
2;наука;семінар
2;наука;синонім
2;наука;синус
2;наука;сірка
2;наука;статистика
2;наука;стаття
2;наука;тангенс
2;наука;теорія
2;наука;тонна
2;наука;фактор
2;наука;фермент
2;наука;філологія
2;наука;філософія
2;наука;формула
2;наука;фразеологія
2;наука;царина
2;наука;цинк
2;наука;юань
3;наука;абсорбція
3;наука;агломерат
3;наука;аерація
3;наука;азимут
3;наука;аксіома
3;наука;амплітуда
3;наука;анабіоз
3;наука;англіцизм
3;наука;антитіла
3;наука;аргон
3;наука;артикуляція
3;наука;архаїзм
3;наука;асиміляція
3;наука;балістика
3;наука;барій
3;наука;берилій
3;наука;біном
3;наука;бутан
3;наука;вегетація
3;наука;вольфрам
3;наука;галій
3;наука;розгалуження
3;наука;гамма
3;наука;гафній
3;наука;геодезія
3;наука;германій
3;наука;гінді
3;наука;дифузія
3;наука;ендорфін
3;наука;ензим
3;наука;етіологія
3;наука;єпархія
3;наука;іврит
3;наука;інтеграл
3;наука;ітерація
3;наука;кадмій
3;наука;калій
3;наука;катагенез
3;наука;катакана
3;наука;каталаза
3;наука;каталіз
3;наука;квант
3;наука;кератин
3;наука;масштаб
3;наука;омонім
3;наука;плазма
3;наука;радій
3;наука;санскрит
3;наука;секанс
3;наука;сигнатура
3;наука;симбіоз
3;наука;синтаксис
3;наука;синтез
3;наука;сполука
3;наука;суфікс
3;наука;теологія
3;наука;тетраедр
2;наука;титан
3;наука;топонім
3;наука;трактат
3;наука;ультразвук
3;наука;фосфор
3;наука;хром
3;наука;цезій
3;наука;аеромеханіка
3;наука;аеростатика
3;наука;аерофотографія
3;наука;анестезіологія
3;наука;антропометрія
3;наука;астрофізика
3;наука;бактеріологія
3;наука;бактеріофаг

1;одяг;бант
2;одяг;балетки
2;одяг;босоніжки
1;одяг;берет
1;одяг;блузка
1;одяг;браслет
1;одяг;бюстгальтер
1;одяг;ґудзик
1;одяг;джинси
1;одяг;каблук
1;одяг;каска
1;одяг;кепка
1;одяг;майка
3;одяг;мешти
1;одяг;обручка
1;одяг;одяг
1;одяг;пальто
1;одяг;рукавиці
1;одяг;піджак
1;одяг;піжама
1;одяг;плаття
1;одяг;плащ
1;одяг;поясок
1;одяг;ремінь
1;одяг;рукавиця
1;одяг;сережки
1;одяг;спідниця
1;одяг;сукня
1;одяг;тапочки
1;одяг;труси
1;одяг;туфлі
1;одяг;фата
1;одяг;футболка
1;одяг;черевик
1;одяг;чобіт
1;одяг;шапка
1;одяг;шарф
1;одяг;шаровари
1;одяг;шолом
1;одяг;штани
1;одяг;шуба
2;одяг;аксесуар
2;одяг;балахон
2;одяг;біжутерія
2;одяг;бляха
2;одяг;бриджі
2;одяг;бутси
2;одяг;вельвет
2;одяг;дрес-код
2;одяг;камуфляж
2;одяг;панчоха
2;одяг;перстень
2;одяг;підтяжки
2;одяг;рукав
2;одяг;сандалі
2;одяг;сарафан
2;одяг;феска
2;одяг;халат
2;одяг;хустка
2;одяг;шеврон
3;одяг;бахрома
3;одяг;ботфорти
3;одяг;букле
3;одяг;паранджа
3;одяг;бутоньєрка
3;одяг;жупан
3;одяг;камзол
3;одяг;каптур
3;одяг;лампаси
3;одяг;лати
3;одяг;мантія
3;одяг;рантух
3;одяг;свита

1;природа;аварія
1;природа;алмаз
1;природа;аромат
1;природа;бавовна
1;природа;багаття
1;природа;багнюка
1;природа;берег
1;природа;блиск
1;природа;блискавка
1;природа;болото
1;природа;брила
1;природа;бруд
1;природа;брухт
1;природа;бугор
1;природа;бульбашка
1;природа;буря
1;природа;веселка
1;природа;весна
1;природа;вітер
1;природа;вогнище
1;природа;вогонь
1;природа;вода
1;природа;водоспад
1;природа;вугілля
1;природа;вулкан
1;природа;газ
1;природа;гай
1;природа;галявина
1;природа;гора
1;природа;ґрунт
1;природа;джерело
1;природа;дим
1;природа;дно
1;природа;долина
1;природа;дощ
1;природа;затока
1;природа;звук
1;природа;землетрус
1;природа;земля
1;природа;зима
1;природа;зірка
1;природа;злива
1;природа;золото
1;природа;калюжа
1;природа;камінь
1;природа;крапля
1;природа;мед
1;природа;метал
1;природа;мис
1;природа;мідь
1;природа;море
1;природа;мороз
1;природа;озеро
1;природа;океан
1;природа;осінь
1;природа;острів
1;природа;пара
1;природа;печера
1;природа;піна
1;природа;пісок
1;природа;планета
1;природа;пляж
1;природа;повітря
1;природа;погода
1;природа;пожежа
1;природа;поле
1;природа;полум'я
1;природа;попіл
1;природа;потік
1;природа;річка
1;природа;роса
1;природа;світло
1;природа;сіно
1;природа;сніг
1;природа;сонце
1;природа;спека
1;природа;стежка
1;природа;степ
1;природа;струмок
1;природа;суходіл
1;природа;схід
1;природа;температура
1;природа;темрява
1;природа;тепло
1;природа;тиша
1;природа;тінь
1;природа;туман
1;природа;фігура
1;природа;хмара
1;природа;холод
1;природа;хутро
1;природа;цвіт
1;природа;цегла
1;природа;цемент
1;природа;шквал
1;природа;шторм
1;природа;щебінь
1;природа;щілина
1;природа;яма
1;природа;яр
2;природа;агат
2;природа;айсберг
2;природа;аквамарин
2;природа;акваторія
2;природа;алюміній
2;природа;аметист
2;природа;архіпелаг
2;природа;астероїд
2;природа;атмосфера
2;природа;багно
2;природа;балка
2;природа;бистрина
2;природа;бірюза
2;природа;боксит
2;природа;бриз
2;природа;діамант
2;природа;булижник
2;природа;булька
2;природа;буревій
2;природа;бурштин
2;природа;бухта
2;природа;валун
2;природа;вапно
2;природа;вапняк
2;природа;ватра
2;природа;верховина
2;природа;виноградник
2;природа;вирій
2;природа;височина
2;природа;відблиск
2;природа;вогкість
2;природа;водограй
2;природа;водосховище
2;природа;гирло
2;природа;граніт
2;природа;грядка
2;природа;гук
2;природа;гущавінь
2;природа;дельта
2;природа;дендропарк
2;природа;деревина
2;природа;діброва
2;природа;дюна
2;природа;ефір
2;природа;заграва
2;природа;зсув
2;природа;імла
2;природа;каменепад
2;природа;каскад
2;природа;катаклізм
2;природа;керосин
2;природа;лагуна
2;природа;ландшафт
2;природа;луг
2;природа;луна
2;природа;мармур
2;природа;оаза
2;природа;обрій
2;природа;олово
2;природа;пасовище
2;природа;перевал
2;природа;повінь
2;природа;полюс
2;природа;іржа
2;природа;риф
2;природа;рівнина
2;природа;рубін
2;природа;руда
2;природа;сажа
2;природа;сапфір
2;природа;серпанок
2;природа;сінокіс
2;природа;скеля
2;природа;скрип
2;природа;слиз
2;природа;смарагд
2;природа;смола
2;природа;солома
2;природа;спалах
2;природа;срібло
2;природа;ставок
2;природа;сталь
2;природа;струм
2;природа;струмінь
2;природа;сузір'я
2;природа;сутінки
2;природа;схил
2;природа;тріск
2;природа;тріщина
2;природа;тундра
2;природа;флюїд
2;природа;хащі
2;природа;хвиля
2;природа;циклон
2;природа;цунамі
2;природа;чавун
2;природа;шельф
2;природа;янтар
3;природа;азбест
3;природа;андезит
3;природа;антициклон
3;природа;антрацит
3;природа;базальт
3;природа;байрак
3;природа;бархан
2;природа;вологість
3;природа;водотік
3;природа;вохкість
3;природа;грот
3;природа;заводь
3;природа;зеніт
3;природа;іхтіофауна
3;природа;керамзит
3;природа;латунь
3;природа;левада
3;природа;магма
3;природа;рілля
3;природа;платина
3;природа;плесо
3;природа;рельєф
3;природа;русло
3;природа;скирта
3;природа;твань
3;природа;топаз
3;природа;узлісся
3;природа;узгір'я

1;природа;айстра
1;природа;акація
1;природа;бамбук
1;природа;барвінок
1;природа;береза
1;природа;боби
1;природа;будяк
1;природа;бузок
1;природа;бур'ян
1;природа;верба
1;природа;гілка
1;природа;дерево
1;природа;дуб
1;природа;жито
1;природа;зерно
1;природа;кактус
1;природа;калина
1;природа;квітка
1;природа;лаванда
1;природа;мак
1;природа;насіння
1;природа;пальма
1;природа;ромашка
1;природа;рослина
1;природа;сосна
1;природа;тополя
1;природа;трава
1;природа;троянда
1;природа;тюльпан
1;природа;флора
1;природа;хмиз
1;природа;щавель
1;природа;яблуня
1;природа;ясен
1;природа;ячмінь
1;природа;фіалка
2;природа;агава
2;природа;азалія
2;природа;алое
2;природа;анемона
2;природа;аніс
3;природа;аспарагус
2;природа;баобаб
2;природа;барбарис
3;природа;бегонія
2;природа;бергамот
2;природа;брунька
2;природа;бузина
2;природа;бук
2;природа;буркун
2;природа;бутон
2;природа;в'яз
2;природа;верес
2;природа;вікторія
2;природа;гілляччя
2;природа;євшан
2;природа;камелія
2;природа;кетяг
3;природа;лепеха
2;природа;липа
2;природа;лоза
2;природа;лотос
2;природа;овес
2;природа;осика
2;природа;очерет
2;природа;плід
2;природа;полин
2;природа;саджанець
2;природа;стручок
2;природа;терен
2;природа;тютюн
2;природа;хміль
2;природа;чагарник
2;природа;шафран
2;природа;шипшина
2;природа;явір
2;природа;нарцис
3;природа;арніка
3;природа;беладонна
3;природа;берест
3;природа;билина
3;природа;вогнецвіт
3;природа;гемлок
3;природа;гірчак
3;природа;горицвіт
3;природа;деревій
3;природа;дереза
3;природа;дрік
3;природа;дягель
3;природа;касія
3;природа;катальпа
2;природа;латаття
3;природа;пирій
3;природа;рута
3;природа;саксаул
3;природа;золототисячник
2;природа;череда

1;професії;актор
1;професії;акторка
1;професії;артист
1;професії;астронавт
1;професії;балерина
1;професії;банкір
1;професії;будівельник
1;професії;бухгалтер
1;професії;військовий
1;професії;водій
1;професії;водійка
1;професії;вчитель
1;професії;депутат
1;професії;директор
1;професії;касир
1;професії;майстер
1;професії;матрос
1;професії;офіцер
1;професії;пекар
1;професії;перукар
1;професії;письменник
1;професії;пілот
1;професії;плавець
1;професії;поет
1;професії;стоматолог
1;професії;суддя
1;професії;художник
1;професії;швачка
1;професії;шофер
1;професії;ювелір
1;професії;рибак
2;професії;авіатор
2;професії;агент
2;професії;агітатор
2;професії;агітаторка
2;професії;аграрій
2;професії;агроном
2;професії;агрономка
2;професії;адвокат
2;професії;адміністратор
2;професії;адміністраторка
2;професії;адмірал
2;професії;акомпаніатор
2;професії;акробат
2;професії;акробатка
2;професії;акушер
2;професії;акушерка
2;професії;альпініст
2;професії;альпіністка
2;професії;аналітик
2;професії;анатом
2;професії;антиквар
2;професії;антрополог
2;професії;аптекар
2;професії;арбітр
2;професії;артилерист
2;професії;арфіст
2;професії;арфістка
2;професії;археолог
2;професії;архітектор
2;професії;асистент
2;професії;асистентка
2;професії;астролог
2;професії;астроном
2;професії;аудитор
2;професії;байкар
2;професії;бандурист
2;професії;барабанщик
2;професії;бард
2;професії;білетер
2;професії;біолог
2;професії;богослов
2;професії;боксер
2;професії;бомбардир
3;професії;бондар
3;професії;бортник
2;професії;ботанік
2;професії;боцман
2;професії;бригадир
2;професії;бурильник
2;професії;буровик
2;професії;буфетник
2;професії;буфетниця
2;професії;бюрократ
2;професії;вартовий
2;професії;вафельник
2;професії;вахта
2;професії;вахтер
2;професії;велосипедист
2;професії;вершник
2;професії;вівчар
2;професії;військовослужбовець
3;професії;віолончеліст
2;професії;віце-голова
2;професії;газетяр
2;професії;генерал
2;професії;гід
2;професії;гірник
2;професії;гітарист
2;професії;голкіпер
2;професії;гончар
2;професії;дизайнер
2;професії;диспетчер
2;професії;доктор
2;професії;дорожник
2;професії;дослідник
2;професії;доцент
2;професії;журналіст
2;професії;заступник
2;професії;імпортер
2;професії;інвестор
2;професії;інженер
2;професії;кадровик
2;професії;казкар
2;професії;каменяр
2;професії;каскадер
2;професії;лаборант
2;професії;лакей
3;професії;ливар
2;професії;маршал
2;професії;митник
2;професії;пастух
2;професії;перекладач
2;професії;покоївка
2;професії;політолог
2;професії;редактор
2;професії;репетитор
2;професії;робітник
2;професії;рятувальник
2;професії;санітар
2;професії;секретар
2;професії;скульптор
2;професії;слюсар
2;професії;снайпер
2;професії;співак
2;професії;співачка
2;професії;сторож
2;професії;сценарист
2;професії;таксист
2;професії;танцюрист
2;професії;танцюристка
2;професії;тесляр
2;професії;ткач
2;професії;токар
2;професії;тренер
2;професії;управитель
3;професії;фаготист
2;професії;фахівець
2;професії;фельдшер
2;професії;фізик
2;професії;фінансист
3;професії;флейтист
2;професії;фокусник
2;професії;фотограф
2;професії;футболіст
2;професії;хакер
2;професії;хімік
2;професії;хірург
2;професії;чиновник
2;професії;шахтар
2;професії;швейцар
2;професії;шериф
2;професії;шинкар
2;професії;шкіпер
2;професії;шпигун
2;професії;штурман
2;професії;штукатур
2;професії;юрист
2;професії;яхтсмен
3;професії;антрепренер
3;професії;арабіст
3;професії;архіваріус
3;професії;архівіст
3;професії;архієпископ
3;професії;асенізатор
3;професії;асесор
3;професії;аташе
3;професії;балетмейстер
3;професії;бібліограф
3;професії;браконьєр
3;професії;букініст
3;професії;вікарій
3;професії;вугляр
3;професії;гарсон
3;професії;гендляр
3;професії;геральдист
3;професії;гігієніст
3;професії;глашатай
3;професії;гобоїст
3;професії;дяк
3;професії;єпископ
3;професії;звіздар
3;професії;землекоп
3;професії;ієрарх
3;професії;ієрей
3;професії;кам'янотес
3;професії;камердинер
3;професії;картограф
3;професії;лікар
3;професії;різник
3;професії;сенатор
3;професії;топограф
3;професії;аеролог
3;професії;аеророзвідниця
3;професії;бактеріолог
3;професії;ейчар
3;професії;екоінспектор
3;професії;екстрасенс-таролог
3;професії;замірник-монтажник
3;професії;замісник

1;спорт;акваланг
1;спорт;атлетика
1;спорт;баскетбол
1;спорт;бейсбол
1;спорт;біг
1;спорт;більярд
1;спорт;бокс
1;спорт;гол
1;спорт;гольф
1;спорт;дзюдо
1;спорт;змагання
1;спорт;лижі
1;спорт;пас
1;спорт;похід
1;спорт;скакалка
1;спорт;спорт
1;спорт;тренування
1;спорт;футбол
1;спорт;хокей
1;спорт;чемпіон
1;спорт;шахи
1;спорт;штанга
2;спорт;аквалангіст
2;спорт;ватерполо
2;спорт;гиря
2;спорт;карате
2;спорт;манеж
2;спорт;марафон
2;спорт;пілатес
2;спорт;пішак
2;спорт;рекорд
2;спорт;спринт
2;спорт;турнір
2;спорт;фініш
2;спорт;шахіст
3;спорт;капоейра
3;спорт;каякінг
3;спорт;керлінг

1;тварини;акула
1;тварини;антилопа
1;тварини;баран
1;тварини;бегемот
1;тварини;бик
1;тварини;білка
1;тварини;бобер
1;тварини;борсук
1;тварини;вампір
1;тварини;ведмідь
1;тварини;верблюд
1;тварини;вівця
1;тварини;вовк
1;тварини;ворона
1;тварини;голуб
1;тварини;горила
1;тварини;горобець
1;тварини;гуси
1;тварини;ґава
1;тварини;динозавр
1;тварини;дракон
1;тварини;дятел
1;тварини;жук
1;тварини;журавель
1;тварини;заєць
1;тварини;звір
1;тварини;змія
1;тварини;індик
1;тварини;їжак
1;тварини;кабан
1;тварини;кажан
1;тварини;качка
1;тварини;квочка
1;тварини;кенгуру
1;тварини;ласка
1;тварини;лебідь
1;тварини;лев
1;тварини;лелека
1;тварини;леопард
1;тварини;лис
1;тварини;лось
1;тварини;мавпа
1;тварини;мамонт
1;тварини;медуза
1;тварини;метелик
1;тварини;муха
1;тварини;олень
1;тварини;орел
1;тварини;оса
1;тварини;павук
1;тварини;папуга
1;тварини;пес
1;тварини;пінгвін
1;тварини;порося
1;тварини;рак
1;тварини;риба
1;тварини;ріг
1;тварини;свиня
1;тварини;слимак
1;тварини;слон
1;тварини;собака
1;тварини;сокіл
1;тварини;соловей
1;тварини;сорока
1;тварини;тарган
1;тварини;тварина
1;тварини;теля
1;тварини;тигр
1;тварини;худоба
1;тварини;цуцик
1;тварини;чайка
1;тварини;черв'як
1;тварини;черепаха
1;тварини;шершень
1;тварини;шимпанзе
1;тварини;шкідник
1;тварини;джміль
1;тварини;шпак
1;тварини;щур
1;тварини;щука
1;тварини;ягня
1;тварини;ягуар
1;тварини;яструб
1;тварини;ящірка
2;тварини;амфібія
2;тварини;альбатрос
2;тварини;амеба
2;тварини;бабак
2;тварини;бабка
2;тварини;багатоніжка
2;тварини;баклан
2;тварини;барліг
2;тварини;барс
2;тварини;беркут
2;тварини;бивень
2;тварини;бичок
2;тварини;бізон
2;тварини;білуга
2;тварини;білуха
2;тварини;блоха
2;тварини;богомол
2;тварини;бугай
2;тварини;буйвіл
2;тварини;бульдог
2;тварини;буревісник
2;тварини;бусол
2;тварини;в'юн
2;тварини;ведмедиця
2;тварини;вим'я
2;тварини;віл
2;тварини;ворон
2;тварини;галка
2;тварини;гепард
2;тварини;ґедзь
2;тварини;єдиноріг
2;тварини;жулан
2;тварини;зграя
2;тварини;істота
2;тварини;кайман
2;тварини;какаду
2;тварини;камбала
2;тварини;канарка
2;тварини;лапа
2;тварини;лемур
2;тварини;лоша
2;тварини;мангуст
1;тварини;миша
2;тварини;мідія
2;тварини;мураха
2;тварини;овод
2;тварини;окунь
2;тварини;пацюк
2;тварини;пелікан
2;тварини;переліт
2;тварини;порода
2;тварини;рись
2;тварини;самець
2;тварини;сарана
2;тварини;сардина
2;тварини;синиця
2;тварини;скат
2;тварини;скумбрія
2;тварини;снігур
2;тварини;спрут
2;тварини;табун
2;тварини;тхір
2;тварини;фазан
2;тварини;фламінго
2;тварини;хамелеон
2;тварини;хвіст
2;тварини;хробак
2;тварини;хрущ
2;тварини;цвіркун
2;тварини;цикада
2;тварини;цуценя
2;тварини;чапля
2;тварини;чиж
2;тварини;чудовисько
2;тварини;шакал
2;тварини;шуліка
3;тварини;актинія
3;тварини;архар
3;тварини;аскариди
3;тварини;бекас
3;тварини;боривітер
3;тварини;василіск
3;тварини;грак
3;тварини;казарка
3;тварини;казуар
3;тварини;калан
3;тварини;кета
3;тварини;повзик
3;тварини;росомаха
3;тварини;короп
3;тварини;сич
3;тварини;сідало
3;тварини;тля
3;тварини;трутень

2;терміни;пекло
3;терміни;абатство
3;терміни;авантюризм
3;терміни;абразія
3;терміни;абсолютизм
3;терміни;абстракціонізм
3;терміни;абстракціоніст
3;терміни;абсурдність
3;терміни;абсциса
3;терміни;ава
3;терміни;аванложа
3;терміни;авансцена
3;терміни;авантюрність
3;терміни;аварійник
3;терміни;аварійність
3;терміни;авіабаза
3;терміни;авіабудування
3;терміни;авіакатастрофа
3;терміни;авіаносець
3;терміни;авіапошта
3;терміни;авіашкола
3;терміни;авіатрафік
3;терміни;автентифікація
3;терміни;автентичність
3;терміни;автобаза
3;терміни;автобіографія
3;терміни;автоблокування
3;терміни;автовантажник
3;терміни;автовізок
3;терміни;автогальмо
3;терміни;автозбереження
3;терміни;автоінспектор
3;терміни;автоінспекція
3;терміни;автоклав
3;терміни;автократія
3;терміни;автомагістраль
3;терміни;автоматизація
3;терміни;автомайстерня
3;терміни;автоматика
3;терміни;автоматичність
3;терміни;автомийник
3;терміни;автомобілебудування
3;терміни;автомобіліст
3;терміни;автомобілістка
3;терміни;автонавантажувач
3;терміни;автономія
3;терміни;автономність
3;терміни;автоперевізник
3;терміни;автопортрет
3;терміни;авторинок
3;терміни;авторитет
3;терміни;авторство
3;терміни;автостоп
3;терміни;автострада
3;терміни;автотранспорт
3;терміни;агентство
3;терміни;агенція
3;терміни;агітація
3;терміни;агломерація
3;терміни;агрегація
3;терміни;агресивність
3;терміни;агроволокно
3;терміни;агрокомпанія
3;терміни;агрокомплекс
3;терміни;агроном-технолог
3;терміни;ад'ютант
3;терміни;адаптація
3;терміни;адаптер
3;терміни;адвентист
3;терміни;адвокатура
3;терміни;адекватність
3;терміни;аденоїд
3;терміни;адмінбудівля
3;терміни;адміністрування
3;терміни;адресант
3;терміни;адресування
3;терміни;аеродинаміка
3;терміни;аеродром
3;терміни;азартність
3;терміни;академвідпустка
3;терміни;академічність
3;терміни;акліматизація
3;терміни;акліматизатор
3;терміни;акомодація
3;терміни;акомпанування
3;терміни;аконіт
3;терміни;акордеоніст
3;терміни;акордеоністка
3;терміни;акр
3;терміни;акредитування
3;терміни;акробатика
3;терміни;акселерація
3;терміни;аксельбант
3;терміни;активатор
3;терміни;активація
3;терміни;активізація
3;терміни;активність
3;терміни;актиній
3;терміни;акторство
3;терміни;актуальність
3;терміни;акумулювання
3;терміни;акумуляція
3;терміни;акустика
3;терміни;акушерство
3;терміни;акцентування
3;терміни;акциз
3;терміни;акціонер
3;терміни;алебастр
3;терміни;алегорія
3;терміни;алергія
3;терміни;алерген
3;терміни;алжирець
3;терміни;алжирка
3;терміни;алібі
3;терміни;алігатор
3;терміни;алкалоїд
3;терміни;алкоголізм
3;терміни;алкотест
3;терміни;алкотестер
3;терміни;алфавіт
3;терміни;алхімік
3;терміни;алхімія
3;терміни;альбінізм
3;терміни;альбінос
3;терміни;альбедо
3;терміни;альвеола
3;терміни;альбумін
3;терміни;альдегід
3;терміни;альма-матер
3;терміни;альманах
3;терміни;альпака
3;терміни;альпінізм
3;терміни;альтруїзм
3;терміни;альфа
3;терміни;альфа-частинки
3;терміни;альфонс
3;терміни;алярм
3;терміни;амазонка
3;терміни;аматорство
3;терміни;амбар
3;терміни;амбасадор
3;терміни;амбітність
3;терміни;амброзія
3;терміни;амбулаторія
3;терміни;американець
3;терміни;американка
3;терміни;амінокислота
3;терміни;амнезія
3;терміни;амоніак
3;терміни;амоній
3;терміни;аморальність
3;терміни;амортизатор
3;терміни;амортизація
3;терміни;ампер
3;терміни;амперметр
3;терміни;амплуа
3;терміни;амуніція
3;терміни;амфібрахій
3;терміни;амур
3;терміни;анаероби
3;терміни;аналізатор
3;терміни;аналізування
3;терміни;аналоговнєт
3;терміни;ампір
3;терміни;аморфність
3;терміни;анамнез
3;терміни;анархістка
3;терміни;анархічність
3;терміни;анафора
3;терміни;англієць
3;терміни;аневризма
3;терміни;аніон
3;терміни;анонімність
3;терміни;антагоністка
3;терміни;антиген
3;терміни;антидот
3;терміни;антикорупціонер
3;терміни;антикварій
3;терміни;антисемітизм
3;терміни;античність
3;терміни;анулювання
3;терміни;апорт
3;терміни;апофема
3;терміни;ар'єргард
3;терміни;аргентинець
3;терміни;аргентинка
3;терміни;аргументування
3;терміни;ареал
3;терміни;арештантка
3;терміни;аристократизм
3;терміни;аритмічність
3;терміни;аромадифузор
3;терміни;ароматизація
3;терміни;арт-виставка
3;терміни;арт-директор
3;терміни;арт-проект
3;терміни;арт-студія
3;терміни;артистичність
3;терміни;артистка
3;терміни;асиметричність
3;терміни;асимілятор
3;терміни;аспірантка
3;терміни;астенік
3;терміни;астролябія
3;терміни;астрофізик
3;терміни;асфальтування
3;терміни;атеросклероз
3;терміни;атестат
3;терміни;атестація
3;терміни;аудіотрансляція
3;терміни;аут
3;терміни;африканець
2;терміни;афроукраїнець
3;терміни;багатогранність
3;терміни;багатодітність
3;терміни;багатозначність
3;терміни;багаторічник
3;терміни;багатослів'я
3;терміни;бадилля
3;терміни;бажаність
3;терміни;бажання
3;терміни;базікало
3;терміни;базікання
3;терміни;байдикування
3;терміни;байдужність
3;терміни;бакенбарди
3;терміни;балабон
3;терміни;балакуха
3;терміни;балакучість
3;терміни;балансування
3;терміни;балотування
3;терміни;бальзамування
3;терміни;баляндраси
3;терміни;бандитизм
3;терміни;бандуристка
3;терміни;бандурник
3;терміни;баптист
3;терміни;барвистість
3;терміни;борщівник
3;терміни;бот
3;терміни;боягузливість
3;терміни;боягузтво
3;терміни;вазектомія
3;терміни;вакуоля
3;терміни;вакханалія
3;терміни;е-квиток
3;терміни;екоматеріал
3;терміни;екосистема
3;терміни;екотранспорт
3;терміни;елітаризм
3;терміни;енергооб’єкт
3;терміни;естонець
3;терміни;етногурт
3;терміни;етномузика
3;терміни;європеєць
3;терміни;заглибина
3;терміни;занедбаність
3;терміни;запозичення
3;терміни;заробітчанин
3;терміни;збіднілість
3;терміни;землеустрій
3;терміни;зерносушарка
3;терміни;зосередженість
3;терміни;цар


1;технології;антена
1;технології;апарат
1;технології;байт
1;технології;батарея
1;технології;бензин
1;технології;блок
1;технології;бомба
1;технології;бренд
1;технології;вентилятор
1;технології;відео
1;технології;відеочат
1;технології;вузол
1;технології;гармата
1;технології;двигун
1;технології;диск
1;технології;електроенергія
1;технології;зв'язок
1;технології;інтернет
1;технології;кабель
1;технології;камера
1;технології;магніт
1;технології;пошук
1;технології;радіо
1;технології;робот
1;технології;сайт
1;технології;сигнал
1;технології;смартфон
1;технології;телебачення
1;технології;техніка
1;технології;файл
1;технології;фільтр
1;технології;фішка
1;технології;фотоапарат
1;технології;шина
1;технології;якір
2;технології;аватарка
2;технології;авіація
2;технології;автомат
2;технології;автопілот
2;технології;акумулятор
2;технології;апаратура
2;технології;артилерія
2;технології;аудіогід
2;технології;барвник
2;технології;барометр
2;технології;бензобак
2;технології;броня
2;технології;буфер
2;технології;вал
2;технології;вебінар
2;технології;вертушка
2;технології;відеоблог
2;технології;вітряк
2;технології;волокно
2;технології;декодування
2;технології;деталь
2;технології;динаміт
2;технології;електростанція
2;технології;есемеска
2;технології;заряд
2;технології;інкубатор
2;технології;касета
2;технології;латекс
2;технології;мотор
2;технології;навігатор
2;технології;паливо
2;технології;панель
2;технології;пароль
2;технології;піксель
2;технології;порох
2;технології;посилання
2;технології;рація
2;технології;сирена
2;технології;сімка
2;технології;слайд
2;технології;спам
2;технології;стек
2;технології;телеграф
2;технології;телескоп
2;технології;технологія
2;технології;цистерна
2;технології;шарнір
2;технології;шестерня
2;технології;шифр
3;технології;шпонка
2;технології;шредер
2;технології;штатив
2;технології;штрих-код
2;технології;штурвал
3;технології;агрегат
3;технології;акселератор
3;технології;анод
3;технології;ареометр
3;технології;армування
3;технології;баласт
3;технології;барокамера
3;технології;букса
3;технології;домен
3;технології;інсектицид
3;технології;інтерфейс
3;технології;кабестан
3;технології;каландр
3;технології;кардан
3;технології;каталізатор
3;технології;катапульта
3;технології;лафет
3;технології;матриця
3;технології;реактор
3;технології;ротор
3;технології;сатуратор
3;технології;скипідар
3;технології;аерометр

2;тимошрек каблук;тимозавр
2;тимошрек каблук;тимолось
2;тимошрек каблук;тимоптах
2;тимошрек каблук;тиможаба
2;тимошрек каблук;тимоїжак
2;тимошрек каблук;тимосвин
2;тимошрек каблук;тимокіт
2;тимошрек каблук;тимопес
2;тимошрек каблук;тимомиш
2;тимошрек каблук;тимововк
2;тимошрек каблук;тимолев
2;тимошрек каблук;тимотигр
2;тимошрек каблук;тиможук
2;тимошрек каблук;тимослон
2;тимошрек каблук;тимокраб
2;тимошрек каблук;тимокачка
2;тимошрек каблук;тимогусак
2;тимошрек каблук;тимомінатор
2;тимошрек каблук;тимозілла
2;тимошрек каблук;тимомен
2;тимошрек каблук;тимобетмен
2;тимошрек каблук;тимобоб
2;тимошрек каблук;тимокоп
2;тимошрек каблук;тимочужий
2;тимошрек каблук;тимохижак
2;тимошрек каблук;тимогрут
2;тимошрек каблук;тимохалк
2;тимошрек каблук;тимодедпул
2;тимошрек каблук;тимофлеш
2;тимошрек каблук;тимотор
2;тимошрек каблук;тимовеном
2;тимошрек каблук;тимойода
2;тимошрек каблук;тимовідьмак
2;тимошрек каблук;тимотрон
2;тимошрек каблук;тимобос
2;тимошрек каблук;тимогеній
2;тимошрек каблук;тимократ
2;тимошрек каблук;тимонавт
2;тимошрек каблук;тимофлюенсер
2;тимошрек каблук;тимоцар
2;тимошрек каблук;тимобог
2;тимошрек каблук;тимобро
2;тимошрек каблук;тимодід
2;тимошрек каблук;тимошеф
2;тимошрек каблук;тимоніндзя
2;тимошрек каблук;тимопірат
2;тимошрек каблук;тимокіборг
2;тимошрек каблук;тимокороль
2;тимошрек каблук;тимомаг
2;тимошрек каблук;тимопанк
2;тимошрек каблук;тимофон
2;тимошрек каблук;тимометр
2;тимошрек каблук;тимотапок
2;тимошрек каблук;тимошаурма
2;тимошрек каблук;тимобургер
2;тимошрек каблук;тимобульба
2;тимошрек каблук;тимомлинець
2;тимошрек каблук;тимосуп
2;тимошрек каблук;тимочай
2;тимошрек каблук;тимосир
2;тимошрек каблук;тимокавун
2;тимошрек каблук;тимобанан
2;тимошрек каблук;тимовареник
2;тимошрек каблук;тимоборщ
2;тимошрек каблук;тимобус
2;тимошрек каблук;тимокоптер
2;тимошрек каблук;тимоліт
2;тимошрек каблук;тимомобіль
2;тимошрек каблук;тимоскутер
2;тимошрек каблук;тимосон
2;тимошрек каблук;тимоглюк
2;тимошрек каблук;тимотреш
2;тимошрек каблук;тимошок
2;тимошрек каблук;тимостиль
2;тимошрек каблук;тимокайф
2;тимошрек каблук;тимодвіж
2;тимошрек каблук;тимобум
2;тимошрек каблук;клопюк
2;тимошрек каблук;клоп
2;тимошрек каблук;каблук
2;тимошрек каблук;клубок
2;тимошрек каблук;клуб
2;тимошрек каблук;клубняк
2;тимошрек каблук;клубас
2;тимошрек каблук;ноутбук
2;тимошрек каблук;макбук
2;тимошрек каблук;фейсбук
2;тимошрек каблук;бамбук
2;тимошрек каблук;каблучок
2;тимошрек каблук;клопук
2;тимошрек каблук;клопчик
2;тимошрек каблук;клубучок
2;тимошрек каблук;клубешник
2;тимошрек каблук;клубаня
2;тимошрек каблук;клубукатор
2;тимошрек каблук;клубукен
2;тимошрек каблук;клубукінг
2;тимошрек каблук;клубудзілла
2;тимошрек каблук;клубукачу
2;тимошрек каблук;клубукмен
2;тимошрек каблук;клубукоп
2;тимошрек каблук;клубастер
2;тимошрек каблук;клуглюк
2;тимошрек каблук;клутрюк
2;тимошрек каблук;клупавук
2;тимошрек каблук;клужук
2;тимошрек каблук;клубамбук
2;тимошрек каблук;клукаблук
2;тимошрек каблук;хлібук
2;тимошрек каблук;дубук
2;тимошрек каблук;чубук
2;тимошрек каблук;клубузавр
2;тимошрек каблук;клубукошрек
2;тимошрек каблук;гарбук
2;тимошрек каблук;цибук
2;тимошрек каблук;клубасьйон
2;тимошрек каблук;клубак
3;тимошрек каблук;тимошрек клубок
3;тимошрек каблук;тимошрек каблук
3;тимошрек каблук;тимошрек бамбук
3;тимошрек каблук;тимошрек ноутбук
3;тимошрек каблук;тимошрек клопюк
3;тимошрек каблук;тимошрек клубастер
3;тимошрек каблук;тимозавр клубняк
3;тимошрек каблук;тимозавр клубас
3;тимошрек каблук;тимозавр гарбук
3;тимошрек каблук;тимозавр цибук
3;тимошрек каблук;тимозавр клубукен
3;тимошрек каблук;тимозавр клубудзілла
3;тимошрек каблук;тимобос фейсбук
3;тимошрек каблук;тимобос хлібук
3;тимошрек каблук;тимобос клубешник
3;тимошрек каблук;тимобос клубукачу
3;тимошрек каблук;тимобос клубак
3;тимошрек каблук;тимощур клоп
3;тимошрек каблук;тимощур клупавук
3;тимошрек каблук;тимощур клужук
3;тимошрек каблук;тимощур клубукатор
3;тимошрек каблук;тимощур клутрюк
3;тимошрек каблук;тимолось дубук
3;тимошрек каблук;тимолось чубук
3;тимошрек каблук;тимолось клубамбук
3;тимошрек каблук;тимолось клукаблук
3;тимошрек каблук;тимолось клуглюк
3;тимошрек каблук;тимогеній макбук
3;тимошрек каблук;тимогеній клубукінг
3;тимошрек каблук;тимогеній клубасьйон
3;тимошрек каблук;тимогеній клубучок
3;тимошрек каблук;тимомен каблук
3;тимошрек каблук;тимозілла каблук
3;тимошрек каблук;тимоптах каблук
3;тимошрек каблук;тиможук каблук
3;тимошрек каблук;тимокраб каблук
3;тимошрек каблук;тимоїжак клубок
3;тимошрек каблук;тимосвин клубок
3;тимошрек каблук;тимокоп клубок
3;тимошрек каблук;тимотапок клубок
3;тимошрек каблук;тимометр клубок
3;тимошрек каблук;тимофон бамбук
3;тимошрек каблук;тимонавт бамбук
3;тимошрек каблук;тимоцар бамбук
3;тимошрек каблук;тимобро бамбук
3;тимошрек каблук;тимофлюенсер ноутбук
3;тимошрек каблук;тимобог ноутбук
3;тимошрек каблук;тимодід ноутбук
3;тимошрек каблук;тимоніндзя ноутбук
3;тимошрек каблук;тимопірат ноутбук
3;тимошрек каблук;тимохалк клубастер
3;тимошрек каблук;тимодедпул клубастер
3;тимошрек каблук;тимофлеш клубастер
3;тимошрек каблук;тимотор клубастер
3;тимошрек каблук;тимовеном клубастер
3;тимошрек каблук;тимобульба клопюк
3;тимошрек каблук;тимомлинець клопюк
3;тимошрек каблук;тимосуп клопюк
3;тимошрек каблук;тимочай клопюк
3;тимошрек каблук;тимосир клопюк
3;тимошрек каблук;тимобус фейсбук
3;тимошрек каблук;тимокоптер фейсбук
3;тимошрек каблук;тимоліт фейсбук
3;тимошрек каблук;тимомобіль фейсбук
3;тимошрек каблук;тимоскутер фейсбук
3;тимошрек каблук;тимосон клубняк
3;тимошрек каблук;тимоглюк клубняк
3;тимошрек каблук;тимотреш клубняк
3;тимошрек каблук;тимошок клубняк
3;тимошрек каблук;тимостиль клубняк
3;тимошрек каблук;тимодвіж клубняк
3;тимошрек каблук;тимопес клоп
3;тимошрек каблук;тимомиш бамбук
3;тимошрек каблук;тимововк макбук
3;тимошрек каблук;тимолев фейсбук
3;тимошрек каблук;тимотигр каблук
3;тимошрек каблук;тимослон клубняк
3;тимошрек каблук;тимокачка клубас
3;тимошрек каблук;тимогусак ноутбук
3;тимошрек каблук;тимочужий клопюк
3;тимошрек каблук;тимохижак клубучок
3;тимошрек каблук;тимогрут клубешник
3;тимошрек каблук;тимойода клубаня
3;тимошрек каблук;тимовідьмак клубукатор
3;тимошрек каблук;тимотрон клубукен
3;тимошрек каблук;тимократ клубукінг
3;тимошрек каблук;тимомаг клубудзілла
3;тимошрек каблук;тимопанк клубукачу
3;тимошрек каблук;тимошаурма клубукмен
3;тимошрек каблук;тимобургер клубукоп
3;тимошрек каблук;тимокавун клубастер
3;тимошрек каблук;тимобанан клуглюк
3;тимошрек каблук;тимовареник клутрюк
3;тимошрек каблук;тимоборщ клупавук
3;тимошрек каблук;тимобайк клужук
3;тимошрек каблук;тимокайф клубамбук
3;тимошрек каблук;тимобум клукаблук
3;тимошрек каблук;тимошрек хлібук
3;тимошрек каблук;тимозавр дубук
3;тимошрек каблук;тимобос чубук
3;тимошрек каблук;тимощур клубузавр
3;тимошрек каблук;тимолось клубукошрек
3;тимошрек каблук;тимогеній гарбук
3;тимошрек каблук;тимомен цибук
3;тимошрек каблук;тимозілла клубасьйон
3;тимошрек каблук;тимоптах клубак
3;тимошрек каблук;тиможук клопчик
3;тимошрек каблук;тимокраб клубок
3;тимошрек каблук;тимоїжак клуб
3;тимошрек каблук;тимосвин каблучок
3;тимошрек каблук;тимокоп клопук
3;тимошрек каблук;тимотапок клубукінг
3;тимошрек каблук;тимометр бамбук
3;тимошрек каблук;тимофон гарбук
3;тимошрек каблук;тимонавт цибук
3;тимошрек каблук;тимоцар клубасьйон
3;тимошрек каблук;тимошеф клубак
3;тимошрек каблук;тимобро клопчик
3;тимошрек каблук;тимофлюенсер каблучок
3;тимошрек каблук;тимобог клопук

1;транспорт;автобус
1;транспорт;автомобіль
1;транспорт;багажник
1;транспорт;вагон
1;транспорт;вантаж
1;транспорт;вантажівка
1;транспорт;велосипед
1;транспорт;вертоліт
1;транспорт;віз
1;транспорт;кабіна
1;транспорт;кермо
1;транспорт;машина
1;транспорт;мотоцикл
1;транспорт;переїзд
1;транспорт;поїзд
1;транспорт;поїздка
1;транспорт;потяг
1;транспорт;руль
1;транспорт;самокат
1;транспорт;санки
1;транспорт;судно
1;транспорт;таксі
1;транспорт;танк
1;транспорт;трактор
1;транспорт;трамвай
1;транспорт;транспорт
1;транспорт;тролейбус
1;транспорт;човен
1;транспорт;яхта
2;транспорт;автівка
2;транспорт;аероплан
2;транспорт;аеростат
2;транспорт;байдарка
2;транспорт;баржа
2;транспорт;бомбардувальник
2;транспорт;бриг
2;транспорт;бричка
2;транспорт;бронеавтомобіль
2;транспорт;буксир
2;транспорт;бульдозер
2;транспорт;вітрило
3;транспорт;ґринджоли
2;транспорт;електрокар
2;транспорт;кабріолет
2;транспорт;карета
2;транспорт;катамаран
2;транспорт;пароплав
2;транспорт;парус
2;транспорт;перон
2;транспорт;пліт
2;транспорт;поворот
2;транспорт;рейс
2;транспорт;ровер
2;транспорт;телега
2;транспорт;тепловоз
2;транспорт;теплохід
3;транспорт;флотилія
2;транспорт;шасі
3;транспорт;шхуна
3;транспорт;щогла
3;транспорт;танкер

1;армія
1;янгол
2;абонемент
2;абордаж
2;адміністрація
2;аркан
2;армада
2;бенкет
2;берегиня
2;біс
2;божество
2;буй
2;водяник
2;гівно
2;демон
2;диявол
2;екзорцизм
2;єзуїт
2;загул
2;ідол
2;легіон
2;магія
2;сатана
2;святиня
2;сибір
2;сивий
2;фавн
2;фея
2;циклоп
2;чорт
3;абракадабра
3;бедлам
3;загин
3;мантра
3;перун
3;руна
3;телекінез
3;аллах
2;кавалерія

1;країни;австралія
1;країни;англія
1;країни;аргентина
1;країни;греція
1;країни;грузія
1;країни;ізраїль
1;країни;індія
1;країни;індонезія
1;країни;ісландія
1;країни;іспанія
1;країни;італія
1;країни;канада
1;країни;нідерланди
1;країни;норвегія
1;країни;польща
1;країни;португалія
1;країни;румунія
1;країни;сполучені штати америки
1;країни;таїланд
1;країни;туреччина
1;країни;угорщина
1;країни;фінляндія
1;країни;франція
1;країни;швейцарія
1;країни;швеція
1;країни;ямайка
1;країни;японія
2;країни;австрія
2;країни;азербайджан
2;країни;албанія
2;країни;алжир
2;країни;афганістан
2;країни;в'єтнам
2;країни;венесуела
2;країни;еквадор
2;країни;естонія
2;країни;ірак
2;країни;іран
2;країни;ірландія
2;країни;йорданія
2;країни;катар
2;країни;кенія
2;країни;латвія
2;країни;ліван
2;країни;лівія
2;країни;мадагаскар
2;країни;малайзія
2;країни;мальта
2;країни;молдова
2;країни;монголія
2;країни;непал
2;країни;пакистан
2;країни;панама
2;країни;саудівська аравія
2;країни;сербія
2;країни;сирія
2;країни;сінгапур
2;країни;словаччина
2;країни;словенія
2;країни;таджикистан
2;країни;туніс
2;країни;туркменістан
2;країни;узбекистан
2;країни;філіппіни
2;країни;чилі
2;країни;шотландія
2;країни;шрі-ланка
3;країни;австро-угорщина
3;країни;ангола
3;країни;андорра
3;країни;барбадос
3;країни;ботсвана
3;країни;гамбія
3;країни;гана
3;країни;гватемала
3;країни;гвінея
3;країни;джибуті
3;країни;домініка
3;країни;домініканська республіка
3;країни;еритрея
3;країни;есватіні
3;країни;ефіопія
3;країни;ємен
3;країни;кабо-верде
3;країни;камбоджа
3;країни;лаос
3;країни;лесото
3;країни;ліберія
3;країни;ліхтенштейн
3;країни;люксембург
3;країни;маврикій
3;країни;мавританія
3;країни;македонія
3;країни;монако
3;країни;намібія
3;країни;науру
3;країни;нігер
3;країни;нігерія
3;країни;оман
3;країни;парагвай
3;країни;руанда
3;країни;сальвадор
3;країни;самоа
3;країни;сан-марино
3;країни;сенегал
3;країни;сомалі
3;країни;судан
3;країни;суринам
3;країни;танзанія
3;країни;тринідад і тобаго
3;країни;уганда
3;країни;уругвай
3;країни;чад
3;країни;чорногорія

1;азія
1;африка
1;європа
2;антарктида
2;євразія

1;люде;шевченко
1;люде;бандера
1;люде;мазепа
3;люде;скоропадський
1;люде;мс петя
2;люде;жорік флєкс
3;люде;максім клубук
2;люде;рома факти
1;люде;лебіга
2;люде;лачен
1;люде;стерненко
2;люде;ковальський
3;люде;анюта масан
3;люде;мар'яна Безугла
1;люде;стівен хокінг

1;аніме;наруто
1;аніме;ісекай
1;аніме;пікачу
1;аніме;зошит смерті
1;аніме;атака титанів
1;аніме;покемон
1;аніме;манґа
1;аніме;косплей
1;аніме;ван піс
2;аніме;сенсей
2;аніме;тоторо
1;аніме;мікаса
1;аніме;леві
2;аніме;шаринган
2;аніме;хокаге
1;аніме;сакура
2;аніме;кунай
1;аніме;катана
1;аніме;ніндзя
1;аніме;самурай
2;аніме;каваї
1;аніме;бака
3;аніме;тян
3;аніме;кун
2;аніме;отаку
1;аніме;пірати
1;аніме;луффі
2;аніме;сайтама
1;аніме;ванпанчмен
1;аніме;клинок
1;аніме;магічна битва
2;аніме;сталевий алхімік
2;аніме;хантер х хантер
3;аніме;токійський гуль1000-7
2;аніме;євангеліон
2;аніме;бліч
2;аніме;бейблейд
3;аніме;бакуган
2;аніме;чорна конюшина
1;аніме;сім’я шпигуна
1;аніме;людина-бензопила
1;аніме;блю лок
1;аніме;волейбол
2;аніме;баскетбол куроко
2;аніме;сао
3;аніме;кіріто
3;аніме;асуна
1;аніме;незуко
1;аніме;танджіро
2;аніме;ітачі
2;аніме;саске
2;аніме;какаші
1;аніме;ісекай
2;аніме;сьонен
2;аніме;сейнен
2;аніме;меха
2;аніме;цундере
2;аніме;яндере
1;аніме;вайфу
1;аніме;лолі
2;аніме;фансервіс
1;аніме;філер
1;аніме;опенінг
1;аніме;ендинг
2;аніме;лайт-новела
2;аніме;візуальна новела
2;аніме;студія гіблі
1;аніме;хаяо міядзакі
2;аніме;віднесені привидами
2;аніме;ходячий замок
3;аніме;принцеса мононоке
1;аніме;твоє ім’я
1;аніме;форма голосу
2;аніме;дитя погоди
3;аніме;сад слів
3;аніме;гомункул
3;аніме;філософський камінь
2;аніме;звіроподібний титан
2;аніме;колосальний титан
2;аніме;розвідкорпус
1;аніме;стіна марія
2;аніме;парадіз
1;аніме;ерен єгер
1;аніме;армін арлерт
2;аніме;ервін сміт
2;аніме;зоро
1;аніме;намі
2;аніме;санджі
2;аніме;чоппер
2;аніме;диявольський фрукт
2;аніме;грандлайн
2;аніме;токійські месники
2;аніме;майкі
2;аніме;дракен
2;аніме;джоджо
2;аніме;діо
3;аніме;джотаро
1;аніме;соло левелінг
2;аніме;переродження слизу
3;аніме;рімуру
3;аніме;еччі
2;аніме;гарем
3;аніме;сейю
2;аніме;манґака
1;аніме;анімешник
1;аніме;яой
1;аніме;юрі
1;аніме;хентай
2;аніме;спін-офф
1;аніме;онгоїнг
2;аніме;тайтл
1;аніме;шипер
2;аніме;канон
2;аніме;фанфік
1;аніме;студія маппа
3;аніме;студія юфотейбл
3;аніме;студія медхаус
2;аніме;студія віт
1;аніме;берсерк
2;аніме;ґатс
3;аніме;ґріффіт
3;аніме;паразит
3;аніме;інша
3;аніме;місто де мене немає
3;аніме;віолета евергарден
3;аніме;хорімія
3;аніме;президент студради покоївка
3;аніме;твоя квітнева брехня
2;аніме;брама штейна
3;аніме;кріс макісе
3;аніме;клас вбивць
2;аніме;доктор стоун
3;аніме;сенку
2;аніме;сага про вінланд
3;аніме;торфін
2;аніме;ре:зеро
3;аніме;субару
3;аніме;рем
3;аніме;коносуба
2;аніме;аква
3;аніме;мегумін
2;аніме;даркнес
3;аніме;переродження героя щита
3;аніме;наофумі
3;аніме;рафталія
3;аніме;вбивця гоблінів
3;аніме;створено в безодні
3;аніме;обіцяний неверленд





